title, description, features, location, date_listed,price
LUXURY BUILDER FLOOR IN SURAJKUND FARIDABAD,"- 425 sq yd PLOT NORTH EAST FACING - COMPLETION CERTIFICATE RECEIVED - 1km from DELHI  - NEAREST UPCOMING METRO STATION 1KM AWAY (PUL PEHLADPUR DELHI) - SCHOOLS HOSPITAL UNIVERSITY NEARBY - ALL ITALIAN MARBLE AND KOHLER BATHROOM FITTINGS - POWER BACK UP AND WATER BACK UP  - GATED SOCIETY AND FULLY SECURED - 15-20 minutes drive from CR PARK, NEHRU PLACE , OKHLA ,ALAKNANDA and SAKET.",4 Bds - 4+ Ba - 3000 ft2,"Chittaranjan Park, Delhi, Delhi, India",2022-07-21T11:07:10+0000,"₹ 2,50,00,000"
"2BHK spacious flats , 100 % bank finance , 2.30 lac discount offer","2/3BHK flats , 2 acres covered campus , 132 flats , 90 families living , 100 % bank finance facility , 2.30 lacs discount offer , amenities like garden , gym , club house , indoor outdoor sports cricket pitch , badminton cort , basketball cort , pool table , table tennis , radha krishna ji temple , car washing zone , 24 hr secuirty gaurds , cctv cameras , all buildings interconnected , 24 hr water .",2 Bds - 2 Ba - 1150 ft2,"Changorabhata, Raipur, Chhattisgarh, India",2022-06-29T16:53:12+0000,"₹ 30,50,000"
2BHK Flats in 23.50LACS with Furnished offers at Mohali,2BHK Flats For Sale At Kharar Mohali  Connectivity with 3 Main Highways  # Free Luxury Gifts On Saturday/Sunday Booking  # Modern Spacious Kitchen with Luxury Fittings and Finishing  # Spacious Bedrooms with Luxury Attached Washrooms  # Spacious Balconies  # Complete Wooden Work  DIRECT CONTACT FOR MORE INFORMATION.,2 Bds - 2 Ba - 965 ft2,"Sector 117, Mohali, Punjab, India",2022-06-13T10:47:03+0000,"₹ 23,50,000"
Individual house,2 bhk.  Kitchen with dining Wood works False ceiling Cooling tiles 3 phase current.  Fully gated community Concrete roads Solar lights Loan facilities available Cooling tiles Direct owner Onroad side property Near by bus stop,2 Bds - 2 Ba - 1135 ft2,"Anna Nagar Near Trichy City, Tiruchirappalli, Tamil Nadu, India",2022-07-24T16:46:14+0000,"₹ 40,00,000"
2 bhk flat for sale at Dwarka mor,Modular switches  Fan facility  Lift facility  Covered parking  24 hours water supply  24 hours electricity supply Gas pipeline  Loan facility upto 90% Registry facility  Close to metro station,2 Bds - 2 Ba - 570 ft2,"Nawada, Delhi, Delhi, India",2022-07-24T16:46:13+0000,"₹ 27,00,000"
Specious 2 bhk flat for sale,"Modular switches  Fan facility  Lift facility  Covered parking  24 hours water supply  24 hours electricity supply Gas pipeline  Loan facility upto 90% Registry facility  Close to metro, market,school,etc.",2 Bds - 2 Ba - 550 ft2,"Nawada, Delhi, Delhi, India",2022-07-24T16:46:13+0000,"₹ 26,50,000"
2 Bhk flat kiraye ke paise ab apna khud ka ghar,2 bhk flat area approx 800 sf covered parking loan facility also available with subsidy upto 2.65 lakhs Affordable price good location with covered parking loan facility also available with subsidy all school like DDPS REYAN INGRHAM DELHI MARCH THOMA CPA convent school Good connectivity with NH24 to 58 good connectivity with metro or Rapid rail reliance fresh Bikaner Haldiram CNG pump Petrol pump Park Signature Mall Dominos on very walking distance city park and public transport on very walking distance interested person please call Gunnikaproperties,2 Bds - 2 Ba - 800 ft2,"Govindpuram, Ghaziabad, Uttar Pradesh, India",2022-07-24T16:46:13+0000,"₹ 16,50,000"
2 BHK flat available with huge space kiraye se azadi,2 Bhk flat for sale area 800sf in Govindpuram Ghaziabad only  limited flats available covered parking  loan facility available with loan subsidy upto 3 lacs 22 feet road public transport all school shopping center mall on very walking distance good location rapid metro distance only 2.5 KM  NH24 distance only 3 Km near by metro distance only 5 Km red line good connectivity NH58 to NH24   Interested person please call,2 Bds - 2 Ba - 800 ft2,"Govindpuram, Ghaziabad, Uttar Pradesh, India",2022-07-24T16:46:13+0000,"₹ 16,75,000"
Ready to move 2 bhk available in prime location,Hurry Up  Book your dream house in a gated society in sector 127.  On road  Gated  Modular kitchen  Cupboards  Park  Market nearby  Bus stand  Railway station Zym Hospital  Pls call for more details,2 Bds - 2 Ba - 950 ft2,"Sector 127, Mohali, Punjab, India",2022-07-24T16:46:12+0000,"₹ 32,50,000"
Muvattupuzha 1.20 cr --3 kilometer distance from muvattupuzha,"മുവാറ്റുപുഴ 45 ലക്ഷം  26 സെന്റ് സ്ഥലം 2700 sqftവീട് 4 ബെഡ്‌റൂം  3 വർഷം പഴക്കം   വീടിന്റ ഫ്ലോറിങ് മൊത്തം ടൈൽ  കബോർഡ് വർക്ക്‌, വാതിൽ എല്ലാം തിർത്തിട്ടുണ്ട്    മുറ്റത്തു തന്നെ വറ്റാത്ത കിണർ വെള്ളം  ആധുനിക രീതിയിൽ ഫർണിഷ് ചെയ്ത കിച്ചനും ബെഡ്‌റൂം.  ആവശ്യം ഉണ്ടെങ്കിൽ ലോൺ അറേഞ്ച് ചെയ്ത് തരുന്നത് ആണ്  വീടിനെ കുറിച്ച് കൂടുതൽ അറിയാൻ വിളിക്കു. ബിൽസൺ 9️⃣9️⃣4️⃣6️⃣2️⃣0️⃣7️⃣7️⃣0️⃣5️⃣ 9️⃣0️⃣7️⃣2️⃣5️⃣3️⃣5️⃣3️⃣5️⃣3️⃣",4 Bds - 4 Ba - 2700 ft2,"Muvattupuzha, Muvattupuzha, Kerala, India",2022-07-24T16:46:11+0000,"₹ 1,30,00,000"
"6 bhk House for sale at Changampuzha park, Ernakulam",=> 6 bhk  => Used House => 20 Cent Land => Fully compounded => Price 4 cr and 60 lakhs => Negotiable in demands => Contact - 9387313 triple 8,4+ Bds - 4+ Ba - 4600 ft2,"Changampuzha Nagar, Kochi, Kerala, India",2022-07-24T16:46:11+0000,"₹ 4,60,00,000"
4bhk corner flat in  supertech,"4bhk flat  Park facing  Corner  5th, top floor",4 Bds - 4 Ba - 2568 ft2,"Delhi Road, Moradabad, Uttar Pradesh, India",2022-07-24T16:46:11+0000,"₹ 66,75,000"
3 bhk flat in royal green,Delhi road moradabad,3 Bds - 3 Ba - 2006 ft2,"Delhi Road, Moradabad, Uttar Pradesh, India",2022-07-24T16:46:11+0000,"₹ 66,00,000"
4.50cent 2100sqft 3Bedroom,"•4.50cent  •2100sqft, •3BHK (all bath attached)Good    Construction home. •Fully vasthu based architect designed house. •Living room&Dining Area  •Modular kitchen with work area. •2 Car Parking,  , water source  pipeline. •Bathroom fittings, electrical items are  Branded, cera. •Price 88 lakh negotiable. •Building is constructed with best quality materials. •CC tv facilities, solar facilities, rain water facilities available. •75%loan availability on eligible buyers.  House Located at Near Vazhayila sixth stone Jn. Land Area – 4.50 Cent  Build up Area – 2100 Sqft.  Bedrooms – 3Bedrooms Attached. East Facing, Car parking  Trivandrum Central Jn - 10 Km. Peroorkada - 2Km. Bus stop 300meter  75% Home Loan Available.",3 Bds - 3 Ba - 0 ft2,"Peroorkada, Thiruvananthapuram, Kerala, India",2022-07-24T16:46:10+0000,"₹ 88,00,000"
1350sqft new house at narikkal,1350sqft 3bhk 3.2 cent,3 Bds - 3 Ba - 1350 ft2,"Kazhakoottam, Thiruvananthapuram, Kerala, India",2022-07-24T16:46:10+0000,"₹ 52,00,000"
1 bhk Q block mohan garden luxurious flat near to metro.,Modular kitchen with chimney. Modular switches. Havells switches. 10 foot road. Crompton fans. Tiles work. Washable paint. Washable wallpaper. Washable texture. Ready to move. Covered parking. Loan facility 80 to 90% Registry facility,1 Bds - 1 Ba - 370 ft2,"Bhagwati Garden, Delhi, Delhi, India",2022-07-24T16:46:10+0000,"₹ 15,35,000"
"Kothamangalm, kuthukuzhi",700 m from NH 1 attached bathroom 50 cent land available Well water available Bank loan available For further details please call me Mr Roy kv,3 Bds - 2 Ba - 1500 ft2,"Nellimattom, Eramalloor, Kerala, India",2022-07-24T16:46:10+0000,"₹ 1,00,00,000"
New House For Sale in Vijayawada Eluru Road,"AP CRDA Gated Community Project   Open Lands, Houses Villas With Club House   Entrance Arch With Security Application   7 Feet Compound Wall With Solar Fencing   40 Feet Black Top Roads with Avenue Plantation   Underground Electricity n Drainage System  Rain Harvesting Pints and STP System   3 Phase Electricity System n Water Tank   Theme Parks n Avengers Parks for Kids   Landscaped Sitting Space with Sports Court  Swimming Pool, Supermarket, Function Hall   Full Vaastu Compliant Project   Bank Loan Facility  Available",2 Bds - 2 Ba - 1150 ft2,"Poranki, Vijayawada, Andhra Pradesh, India",2022-07-24T16:46:02+0000,"₹ 55,00,000"
Ready to move proper Gated colony,Project name - Yash Residency   22.5front / 45depth  Total 1000 sqrft land area  1500 covered area 3BHK with Modular kitchen n chimney with gated community  Total 44units  500mtr from shaheed path 1.5km from Medanta hospital 2km from LULU mall,2 Bds - 2 Ba - 1550 ft2,"Diptiganj, Lucknow, Uttar Pradesh, India",2022-07-24T16:43:46+0000,"₹ 68,00,000"
2400 sqft  House For Sale at Kakkanad Near Bharat Matha College,">> Kakkanad, Near Bharat Matha College >> 4 cent land >> 2400 sqft >> 4 BHK >> Well water and Corporation water >> Asking Price 1 CR  >> Negotiable >> Call 9387313_-888.",4 Bds - 4 Ba - 2400 ft2,"Kakkanad, Kochi, Kerala, India",2022-07-24T16:43:26+0000,"₹ 1,00,00,000"
PHASE 1 LIG,"A house for  sale at a prime location. Its only 0.5 kms away frm New Bustand. And 1 k.m away from new opened P.V.R cinema and only 5 minutes driving distance from a famous Urban estate Phase 2 and phase 1 Market.And also there are now three hospitals nearby like the Vardhman hospital in phase 2,upcoming Perk hospital opp. New bustand and Aggarwal hospital near phase 1 and many more.So if someone is interested , than contact me.",3 Bds - 2 Ba - 940 ft2,"Dealwal 75, Patiala, Punjab, India",2022-07-16T07:37:30+0000,"₹ 29,50,000"
"1830Sq ft High-Rise Luxury Apartment on Patiala Road, Zirakpur",> 3BHK+Servant High-rise apartment  > two sides open 3 BHK with 4 washroom > 1830 Sqft Luxury Apartments > Ultra Luxury Project with Mivan Construction. > Prime Location Zirakpur > Dual-core Project. > 2 Lifts plus 2 Emergency Staircases. > Club House with luxury features & Amenities. > Individual outdoor sports arena. > All Park Facing units. > 7.5-10 KVA Power backup. > Two covered car parking. > Fully Automated Home & Much more. > Flexi Payment Plan > Fully automated house > Complete kitchen appliances,3 Bds - 4 Ba - 1830 ft2,"Sector 35C, Chandigarh, Chandigarh, India",2022-07-21T10:42:58+0000,"₹ 1,07,97,000"
വാസ്തുശാസ്ത്ര പ്രകാരമുള്ള കെട്ടിട നിർമാണം -Zeekon Builders &Developers,കേരളത്തിൽ എവിടെയും വീടുകളുടെയും അപ്പാർട്മെന്റുകളുടെയും നിർമാണം കരാർ അടിസ്ഥാനത്തിൽ ഏറ്റെടുത്തു വളരെ കൃത്യതയോടെ ചെയ്തു കൊടുക്കുന്ന കേരളത്തിലെ മികച്ച സ്ഥാപനങ്ങളിൽ ഒന്ന് Zeekon Builders &Developers Pvt Ltd  നിലവിൽ 50 ഇൽ അധികം  പ്രൊജക്ടുകൾ മികച്ച രീതിയിൽ പൂർത്തീകരിച്ചു കഴിഞ്ഞിരിക്കുന്നു  പത്തനംതിട്ട ആസ്ഥാനമായി നടത്തി വരുന്ന ഈ സ്ഥാപനത്തിന്റെ ബ്രാഞ്ചുകൾ കേരളത്തിൽ ഉടനീളം ഉടനെ വ്യാപിപ്പിക്കുന്ന തയ്യാറെടുപ്പുകൾ നടത്തി വരുന്നു  മികച്ച എഞ്ചിനീർമാരുടെ മേൽനോട്ടത്തിൽ ജോലികൾ നടത്തുന്നു ഒരു സ്ഥിരം സൂപ്പർവൈസർമാർ സൈറ്റ് കളിൽ നിയോഗിക്കപെടുന്നു  മികച്ച ബ്രാണ്ടുകളുടെ സാധന സാമിഗ്രിഹികൾ ഉപയോഗിക്കുന്നു  പ്ലാൻ വരച്ചു permit എടുത്ത് നൽകുന്നു തുടങ്ങിയവ ഞങ്ങളുടെ സേവനത്തിൽ പെടുന്നു  കരാറിൽ പറയുന്ന സമയത്ത് തന്നെ പണികൾ തീർത്തു project കൈമാറുന്നു  Payment ഇന് ലളിതമായ തവണ വ്യവസ്ഥകൾ  പണികളുടെ എല്ലാ വിധ വിശദീകരണങ്ങളും കരാറിൽ ഉൾകൊള്ളിച്ചു agreement തയ്യാറാക്കുന്നു,4 Bds - 4 Ba - 2100 ft2,"Valanchuzhy, Pathanamthitta, Kerala, India",2022-07-21T10:44:22+0000,"₹ 38,00,000"
My house sell 3 badroom 1 car parking,Money problem sell my house,3 Bds - 3 Ba - 1210 ft2,"Vinayak Nagar, Agra Cantonment, Uttar Pradesh, India",2022-07-24T16:42:43+0000,"₹ 31,00,000"
RCC House for sale,RCC House for sale with big parking space,4+ Bds - 2 Ba - 3450 ft2,"Nongrah, Shillong, Meghalaya, India",2022-07-24T16:42:06+0000,"₹ 1,20,00,000"
2 BHK Flat Sale in Mohali,2BHK floor  1035sq.ft. (115 gaj) Features and Amenities:-  BANG ON PR-7 AIRPORT ROAD Gated society Grand entrance  35ft. Wide Internal roads  Vertical Garden  Modular kitchen  Wardrobes laminated wooden  East or west facing floors  False ceiling with profile lights  4 Tier Security  Acrylic Emulsion Paint  Market complete   10 Mints. Drive from Chandigarh  Allotted car Parking We are waiting your site visit in our project,2 Bds - 2 Ba - 1035 ft2,"Airport Road, Mohali, Punjab, India",2022-07-24T16:41:50+0000,"₹ 26,90,000"
1BHK Room for sale,I am selling 1BHK Flat in very good condition.,1 Bds - 1 Ba - 555 ft2,"Mharalgaon, Thane, Maharashtra, India",2022-07-24T16:41:27+0000,"₹ 14,50,000"
ONE ROOM KITCHEN (1RK),"In Mharal Gaon 3 KM From Shahad Railway station. Next to Kalyan Railway station, 10rs from Auto, from bike 10mini. In the Apartment, 2nd Floor, I have one R K Room(385) Semi furnished with Toilet bathroom facilities, Also Tiles And Troll in Kitchen, Water tank storage (450ltr),   Near by Market Shop Bank Atm School etc.  If you are interested than call me  for any quarry.  PRIZE NIGESHOBLE",,"Kalyan, Thane, Maharashtra, India",2022-07-24T16:41:17+0000,"₹ 15,50,000"
Need 1 BHK for buy,"Need 1 bhk house ready move , good condition",1 Bds - 1 Ba - 600 ft2,"Ayodhya Nagar, Bhopal, Madhya Pradesh, India",2022-07-24T16:41:10+0000,"₹ 15,00,000"
Dream house,Farmland  NATP lands,1 Bds - 1 Ba - 550 ft2,"Amravati Road, Nagpur, Maharashtra, India",2022-07-24T16:40:49+0000,"₹ 10,00,000"
Urgent wants to sell house with 2 floor n shop,Ready to move house with 1 shop at bhagakot area in banswara rajasthan,4 Bds - 2 Ba - 2400 ft2,"Bhagakot Colony, Banswara, Rajasthan, India",2022-07-24T16:40:35+0000,"₹ 28,00,000"
New House for aale,New build house for sale in konam Gnam nager VIP Garden,3 Bds - 3 Ba - 1200 ft2,"Konam, Nagercoil, Tamil Nadu, India",2022-07-24T16:40:15+0000,"₹ 6,70,000"
వధువు వారులు కావలెను,శ్రీ వరాహ లక్ష్మీ నృసింహ స్వామి క్షేత్రం.రాజమండ్రి,4+ Bds - 4+ Ba - 7822 ft2,"Municipal Colony, Rajahmundry, Andhra Pradesh, India",2022-07-24T16:39:12+0000,"₹ 10,000"
Fully Furnished house behind holiday in Hotel,3 Cent snd fully futnished house,3 Bds - 3 Ba - 1450 ft2,"Vytila, Kochi, Kerala, India",2022-07-24T16:37:58+0000,"₹ 85,00,000"
1.2 km distance from Guptipara station,Contact if you need a ready home at moderate budget,4 Bds - 2 Ba - 2040 ft2,"Badhagachhi, Mirdhanga, West Bengal, India",2022-07-24T16:37:39+0000,"₹ 9,50,000"
2 Bedroom Furnished Villa With Water Softener System RO System,"The property has 2 bedrooms, ground floor- kitchen, hall and toilet, 1st floor 2 bedrooms with one attached bathroom, the house comes with water softener and water purifier RO system newly installed, newly painted with Asian Paints Ultima weather proof coat, covered car parking, with newly installed kitchen hob, kitchen sink, partially renovated, new LG double door fridge and washing machine, remote control Havells geyser 25L, option to extend terrace as a room, gated Community with 24*7 security, the community has 2 schools, hospitals, club house, parks, super market.",2 Bds - 2 Ba - 742 ft2,"Perumbakkam, Chennai, Tamil Nadu, India",2022-07-24T16:37:37+0000,"₹ 56,00,000"
Fully Furnished 4 BHK builder floor house with one servant room,"Fully Furnished 4 BHK builder floor house with one servant room + Modular Kitchen with Auto clean Chimney + 3 Bathroom with modern fittings(Western, Shower, 3 - Geaser of 25 liters) + 1 Small Puja Room with marble partition + 1 Drawing Room + 1 Dinning with a bigger space + 2 Balcony(One in Front and the other at the back) Property is on the first floor - door opens to West Plot no.226 Main building facing to North East   P.S. No Parking  Reason for selling - Moving to USA for 3 years shortly...been there earlier as well  *Slightly negotiable",4 Bds - 3 Ba - 2153 ft2,"Indirapuram Shakti Khand 3, Ghaziabad, Uttar Pradesh, India",2022-07-24T16:36:11+0000,"₹ 1,45,00,000"
കുറഞ്ഞ വിലയിൽ വീട് 17/30/40/50 ലക്ഷം വിലവരുന്ന വീടുകൾ,നിങ്ങളുടെ വിലക്ക് വരുന്ന വീടുകൾ,2 Bds - 2 Ba - 1200 ft2,"Peruvayal, Kozhikode, Kerala, India",2022-07-24T16:35:37+0000,"₹ 17,00,000"
"Colony house for sale.5years old . Kannur, po aroli,kammadath motta",Colony house for sale.5years old house,2 Bds - 1 Ba - 0000 ft2,"Papanishree, Pappinisseri, Kerala, India",2022-07-24T16:35:34+0000,"₹ 22,00,000"
Chlooor  Kuttippuram,Kutippuram,2 Bds - 2 Ba - 206 ft2,"Nadavattam, Kattipparuthi, Kerala, India",2022-07-24T16:35:13+0000,"₹ 52,00,000"
Sri manohar dham colony gwaliyar rod rohata Agra navbharat l ke pechhe,Rawat property,2 Bds - 2 Ba - 1100 ft2,"Rohta, Agra, Uttar Pradesh, India",2022-06-16T16:49:31+0000,"₹ 35,00,000"
"3 BHK House near Thankalam, Kothamangalam","300 mtrs from Thankalam, Kothamangalam  9.5 Cents of land with compound wall 3 BHK attached bathrooms with Sitting Room and Separate Dining Fully furnished Kitchen with work area and store room and additional bathroom Own Borewell + Municipality water connection Excellent Housing Colony  Newly and Fully renovated No Brokers, No Commission",3 Bds - 4 Ba - 2300 ft2,"Thankalam, Kothamangalam, Kerala, India",2022-05-25T11:41:24+0000,"₹ 82,00,000"
Plot size15*50 -85lac /3bhk newly duplex for sale near kanadia road.,3bhk -newly fresh duplex for sale at  kanadia road near bengali square indore. Plot size 15 by 50 /north facing.,3 Bds - 3 Ba - 1620 ft2,"Bengali Square, Indore, Madhya Pradesh, India",2022-06-20T07:12:33+0000,"₹ 85,00,000"
3bhk flat for sale.,3bhk flat for sale Kharangajhar.,3 Bds - 2 Ba - 1200 ft2,"Telco, Jamshedpur, Jharkhand, India",2022-07-24T15:59:08+0000,"₹ 47,00,000"
Puzhakkal Ambakkad near St .Marys Church 3 cent 1150sqft,"Puzhakkal Ambakkad near St .Marys ambakkad Church 4 bedroom attached bathrooms car parking available semi furnished 3 cent near shoba city 1km,amala hospital 3km,kendriya vidhyalaya central school 1km,puranattukara boys and girls HSS 1km, Sanskrit central college 1.5km,health center adat FSH 1km,trissur town 7km, ambakkad UP school 500m",3 Bds - 3 Ba - 1150 ft2,"Puzhakkal Padom, Thrissur, Kerala, India",2022-07-24T15:59:07+0000,"₹ 40,00,000"
NEW BEAUTIFUL HOUSE FOR SALE,"NEW BEAUTIFUL HOUSE FOR SALE  POONJAR NELLICKACHAL NADACKAL ROAD SIDE  8 CENT 1200 Sq. F  WITH ROOFING • OPEN WELL  • BANK LOAN FACILITY AVAILABLE • വെള്ളം കയറുകയില്ലാത്ത സ്ഥലം • PRICE : 45,00,000",3 Bds - 2 Ba - 1200 ft2,"Kizhakkekkara, Erattupetta, Kerala, India",2022-07-24T15:58:14+0000,"₹ 45,00,000"
Biggest Township at affordable price Dream house,Dream house gated community Ready to move,2 Bds - 2 Ba - 1299 ft2,"Faizabad Road, Lucknow, Uttar Pradesh, India",2022-07-24T15:58:04+0000,"₹ 45,00,000"
1BKH HOUSE,For sell house kandul road Raipur chhattisgarh boriya khurd,3 Bds - 2 Ba - 1000 ft2,"RDA Colony Near Gokul Nagar, Raipur, Chhattisgarh, India",2022-07-24T15:58:01+0000,"₹ 25,00,000"
Flat Apartment - 1st floor - 2bedroom - 2 bathroom,"2 Bedroom , 2 Bathroom with balcony and dinning , Apartment Age 10 month ...New",2 Bds - 2 Ba - 773 ft2,"Subhash Nagar, Kolkata, West Bengal, India",2022-07-24T15:57:29+0000,"₹ 25,00,000"
2 BHK Semi furnished flat available for sale,"2 BHK Semi Furnished Flat available for sale in heart of city.  Near Bus Stand and Bhaktinagar Railway Station.  Price 32,00,000₹/-.  Negotiable.",2 Bds - 2 Ba - 900 ft2,"Bhakti Nagar, Rajkot, Gujarat, India",2022-07-24T15:56:05+0000,"₹ 32,00,000"
"Sarai Gowardhan ,Chetganj,varansi,UP",Flat I am selling,2 Bds - 1 Ba - 650 ft2,"Chetganj, Varanasi, Uttar Pradesh, India",2022-07-24T15:55:48+0000,"₹ 25,00,000"
Roof house for sales in city,சேலம் மாநகராட்சி பகுதி இயற்கை சூழலில் குறைந்த விலையில் இரண்டு மின் இணைப்பு மேட்டூர் குடி நீர் இணைப்பு கான்கிரிட் சாலை வசதி ஒரு சதுர அடி ₹ 2200 மட்டுமே,2 Bds - 2 Ba - 2200 ft2,"Thathampatty, Salem, Tamil Nadu, India",2022-07-24T15:55:38+0000,"₹ 48,40,000"
Sale of House,"I want to sell my house at Kursoo Rajbagh, which has all facilities like car parking, water, electricity, two sided road for entrance, anyone interested can whatsapp me or call me.",4 Bds - 3 Ba - 1800 ft2,"Rajbagh Extention, Srinagar, Jammu & Kashmir, India",2022-07-24T15:55:37+0000,"₹ 2,50,00,000"
3BHK for Urgent Sale,"Address: BEML Layout, Bangalore A freehold residential unit with a super built-up area of 1753 sq. ft. in BEML Layout, Kundalahalli, Bangalore East, along with 767.46 square feet undivided share of land.(Going rate of land/Sqft is Rs15000). The apartment is A-Khata registered with a Cauvery water connection. It is located on the 2nd floor of the three-floor complex, which comprises a big hall, 01 dining hall, 03 huge bedrooms with attached bathrooms, a modular kitchen and a work area. Hall and bedrooms have independent balconies that are fully ventilated, full of natural light, with a relaxing view to enjoy. Facing this property is Brigade Tech Gardens. Everything within the apartment is of high quality. The property is 100 m from the main road, and 5 km from ITPL Tech Park, which provides access to transportation, and proper security. The property is at a favourable locality, as it is close to AECS Layout and Hoodi Circle, which makes it convenient for the residents to travel. Major hospitals such as Apollo, Brookfield, Colombia Asia, and Manipal are 4-5 km from the property, making it the most convenient place for the residents. Close to temple(s) and parks. Key highlights (Facilities/features): A) Vaastu compliant B) Lift(s) C) Maintenance staff D) Dedicated Car and Bike parking E) Support Staff F) Community Center /Gym G) Waste disposal H) Rainwater harvesting I) Full power backup J) 24*7 Water supply Contact for more information.",3 Bds - 3 Ba - 1753 ft2,"BEML Layout, Bengaluru, Karnataka, India",2022-07-24T15:55:23+0000,"₹ 95,99,999"
"1bhk flate 20,50,000",1bhk flat umnag villa road tuch tatklik sell sama,1 Bds - 1 Ba - 577 ft2,"Jay Yogeshwar Society, Vadodara, Gujarat, India",2022-07-24T15:55:21+0000,"₹ 20,51,000"
2.5 cent plot and old house for immediate sale,"Its a 800sq ft old model single floor house. It is 1km to Vanchiyoor court, 2kms to secretariat, 2km to airport and MOT, 300m to Central Mall, 3km to Kerala University and 6km to Lulu mall. Serious buyers only contact. Brokers please excuse.",2 Bds - 1 Ba - 1000 ft2,"Pattoor, Thiruvananthapuram, Kerala, India",2022-07-24T15:55:20+0000,"₹ 70,00,000"
On Ayodhya Highway Biggest township at affordable price Dream House,Biggest Township at affordable price,2 Bds - 2 Ba - 1300 ft2,"Faizabad Road, Lucknow, Uttar Pradesh, India",2022-07-24T15:54:53+0000,"₹ 46,00,000"
I want to sale my property 30*40,i want sel my property in kanakapura 16L,2 Bds - 2 Ba - 30 ft2,"Kanakapura Main Road, Bengaluru, Karnataka, India",2022-07-24T15:54:36+0000,"₹ 25,00,000"
2 BHK Fully Furnished already rented out,"Fully furnished 2 BHK property already rented earning rent of Rs. 20 thousand/- per month. Selling because we're moving out of country. In case interested, then please contact. Location advantages: 1. Walking distance from NOIDA Sector 51 Metro Station (connecting station for Blue Line & Aqua line). Aqua line starts here. 2. In the centre of NOIDA. Greater NOIDA, NOIDA Extension all are equidistant from here. 3. On the main road 4. Facing park, which is a reserved green land from NOIDA.",2 Bds - 2 Ba - 3000 ft2,"Sector 73, Noida, Uttar Pradesh, India",2022-07-24T15:54:12+0000,"₹ 40,00,000"
Urgent hai jisko Lena hai vahi sms kare,180 gaj me hai double storey bana hua hai patrol pomp ke pass sahastradhara road,2 Bds - 2 Ba - 180 ft2,"Sahastradhara Road, Dehradun, Uttaranchal, India",2022-07-24T15:53:31+0000,"₹ 95,55,000"
shifting to other city   only  interested parson call me,udasar Fanta jaipur road 50 mtr ki doori par,4+ Bds - 4 Ba - 1800 ft2,"Tilak Nagar, Bikaner, Rajasthan, India",2022-06-13T15:17:55+0000,"₹ 50,00,000"
One RK Indipandet house,Minimam price of selling,,"Kalyan, Thane, Maharashtra, India",2022-06-28T14:49:03+0000,"₹ 9,50,000"
WATERFRONT APARTMENT FOR SALE,"DLF Riverside Vytilla has 5 towers, with 21 floors each and 176 units on offer. *Spread over an area of 5.12 acres",4 Bds - 3 Ba - 3554 ft2,"Kadavanthara, Kochi, Kerala, India",2022-07-08T07:11:24+0000,"₹ 2,35,00,000"
Makan Kalyanpur Lucknow ready to move,"Makan Kalyanpur Lucknow jagrani hospital near tempo stand full Model kitchen , wardrobe ,  Chimani,  full for ceiling 2 bedroom set Walking distance market 23 fit ka road hai  Loan LIC bank se HDFC bank se",2 Bds - 2 Ba - 1200 ft2,"Kalyanpuri, Lucknow, Uttar Pradesh, India",2022-07-24T15:53:25+0000,"₹ 65,00,000"
"4 bhk, 1700 sqft, House at Edapally Varapuzha","4 bedroom house 1700 sq ft 4.100 cent plot house for sale at Edapally, Varapuzha Nh 550 mtr distance  Church,temple,near Tar road front Door and window (thekku wood) corporation water allowed  Home loan available up to 90% 65 lakh Price is negotiable  Call me for more details 9️⃣8️⃣4️⃣7️⃣3️⃣8️⃣6️⃣4️⃣4️⃣3️⃣",4 Bds - 4 Ba - 1700 ft2,"Edapally, Kochi, Kerala, India",2022-07-24T15:52:39+0000,"₹ 65,00,000"
House for sale mamom,House for sale mamom,4+ Bds - 4+ Ba - 3070 ft2,"Mamam, Attingal, Kerala, India",2022-07-24T15:52:29+0000,"₹ 75,00,000"
Ramtirath Road...Amritsar,House for in New Urban Estate @ 55 lakhs...,3 Bds - 4 Ba - 2200 ft2,"J Paul Avenue, Amritsar, Punjab, India",2022-07-24T15:52:17+0000,"₹ 55,00,000"
Ok clear taital Full farnichar Areya,"70,00000/-",2 Bds - 2 Ba - 137 ft2,"Sola, Ahmedabad, Gujarat, India",2022-07-24T15:51:35+0000,"₹ 70,00,000"
Singh Property Dealer 2 BHK Flat Sale In Group Housing Society Lanka,Singh Property Dealer Lanka Varanasi   This Society Is Group Housing Apartment   Very Nice and Very Beautiful And Very Good Looking And Group Housing Society   2 BHK Flat For Sale in Apartment.  Lanka BHU Varanasi.  Flat Description Details   2 Bedroom 1 Modular Kitchen 1 Living Hall  1 Dining Space  2 Bathroom Western Commode 3 Balcony Available 1 Parking Area Available 1 Wooden King Size Bed Available  1 Wall Fix Wooden TV Cabinet Available 2 Wooden Wardrobes Available And Etc 1 Gymnasium Available.  1 Garden Available.  1 Child Swimming pool Available 1 Temple Available In Society   Child Play Area Available  Child Indoor Game Available  CC TV Camera Available.  Fountain Available.  24 hours Power Backup Available In Flat.  24 hours Water Available 24 hours Security Guard Available 24 hours Lift Facility Available.  24 hours Maintenance Staff Available Broker Charged 2 % Percent.  Other Information Plz Call Me.  Singh Property Dealer Lanka Varanasi.,2 Bds - 2 Ba - 1100 ft2,"Lanka, Varanasi, Uttar Pradesh, India",2022-07-24T15:51:05+0000,"₹ 70,00,000"
House for sale,Corner house.70gaj. 2 bed room.one bath one kichan.5minut run main road. Naraingarh.  Price 22L.,2 Bds - 1 Ba - 70 ft2,"Chheharta Part 2, Amritsar, Punjab, India",2022-07-24T15:50:36+0000,"₹ 22,00,000"
2 bhk flat,2 BHK LUXURY FLAT  READY TO MOVE ON ROAD PROJECT SECTOR 127 100 GAJ 28.90 LACS STARTING  RARE APPROVED  ELECTRICITY AVAILABLE AS WELL AS WATER SUPPLY  LOTS OF FACILITIES AVAILABLE THERE  MORE BENEFITS IN YOUR FUTURE  WALLPAPERS  CUPBOARD  MODULAR KITCHEN    RAR,2 Bds - 2 Ba - 900 ft2,"Airport Road, Mohali, Punjab, India",2022-07-24T15:50:20+0000,"₹ 28,90,000"
New flat NA NOC,"New FLAT 7 FLOOR WITH GARDEN 24 HOR WOTER AND Basement,Two left, Fire safety",2 Bds - 2 Ba - 1188 ft2,"Nava Naroda, Ahmedabad, Gujarat, India",2022-07-24T15:50:15+0000,"₹ 45,51,000"
2 year old 3 bed room gated house with well at Pattimattam,"3 bed room house with 2 attached bath room and daining room,2 kitchen, hall, compound wall with gate and well with all time water 500 meter from bus root",3 Bds - 2 Ba - 1070 ft2,"Pazhamthottam, Kunnathunad, Kerala, India",2022-07-24T15:50:03+0000,"₹ 36,00,000"
Ready to Move Property,"2BHK Flat, East Facing, Perfect Vastu, 1050 Sft,",2 Bds - 2 Ba - 1050 ft2,"Swarnapuri Colony II, Hyderabad, Telangana, India",2022-07-24T15:50:00+0000,"₹ 53,00,000"
Kakkanad Edachira Near infopark  New House 3 bhk ready to move,A brand New House Ready to move  Located at Kakkanad Edachira near infopark and smart City Very good residential area facing Tar Road frontage 700 meters from Edachira junction  3 cent land 1600 sqft 3 bhk  3 bedrooms attached plus one common bathroom in first floor  Well maid Hous all bedrooms attached one covered car parking ground floor having one bedroom attached first' floor having 2 bedrooms living  room dining hall  Pictures attached with this add  Both waters available borwell and water authority  this house clearly vastu perfect  Interested parties only contact,3 Bds - 4 Ba - 1700 ft2,"Kakkanad, Kochi, Kerala, India",2022-07-24T15:49:37+0000,"₹ 60,00,000"
"3 BHK Duplex ( Immediately available), Kailash Nagar North, Bhilai","New ( Ready to Move )– 3BHK Duplex Built Up Area ( Ground + First) 17535030 sq/feet)  Construction - RED brick Bank Loan Avilable – HDFC, Canara, LIC Housing  Address: House 16 Rajmahal Green Town Sunder Vihar Kurud Road Kailash Nagar North Bhilai - 490024 Landmark ( Nalanda High School Near Ekta Chowk KailashNagar North Bhilai )  Front Side - Private parking + tiled varanda ( 4 Wheeler + space for 2 wheeler parking ) Back Side - Free space of 270 sq ft Future construction can be done  ## Ground Floor ## Hall Bedroom Kitchen Bath/Toilet (Loft work done by owner in bed room)  ## First Floor ## 2 Bed Rooms 2 bath/toilet Dressing table Cubicle Sitting area outside two bedrooms (11 * 5 Feet) – Extra work done by owner Curved Terrace/Porch + One Balcony  ## Second Floor ## - Roof top Terrace + Water storage  Extra Information:  • 2x2 designer vitrified tiles Ground + First floor indoor (Work done by owner) • Total 5 new fans fitted (2 in hall) and 1 each in 3 bedrooms (Work done by owner) • All Doors and Windows have curtain rods (Work done by owner) • All bathrooms with utility fixtures – Towel Soap & toiletries Holder (Work done by owner) • All bathrooms with designer tiles fixed up-to roof top - (Work done by owner)  Owner - Mr Das ( 988 ***1000 ***432 )  Caretaker ( 808 ***596 *** 3297 )  and ( 988 ***1128 *** 285 )  Landmark ( Nalanda High School Ekta Chowk )  Address: House 16 Rajmahal Green Town - Sunder Vihar colony - Kurud Road Kailash Nagar North  Bhilai - 490024",3 Bds - 3 Ba - 1800 ft2,"Kurud, Bhilai, Chhattisgarh, India",2022-07-24T15:49:34+0000,"₹ 35,00,000"
"Hiranandani Palace Gardens, Hirco Palace Gardens, Chennai","92,80,765 to 87,11,800",3 Bds - 4 Ba - 2400 ft2,"Oragadam, Oragadam Industrial Area, Tamil Nadu, India",2022-07-24T15:49:30+0000,"₹ 92,00,000"
Job purpose,I am going to Kuwait,1 Bds - 1 Ba - 2 ft2,"Buddayapalli, Chennur, Andhra Pradesh, India",2022-07-24T15:49:08+0000,"₹ 24,00,000"
Nanjangud  khb colony Ooty road,Home for sale,2 Bds - 1 Ba - 2400 ft2,"Nanjangud Industrial Area, Nanjangud, Karnataka, India",2022-07-24T15:48:49+0000,"₹ 65,00,000"
Banaa Banaya Makan,Banaa Banaya Makan,4 Bds - 2 Ba - 1361 ft2,"Sarojini Nagar, Lucknow, Uttar Pradesh, India",2022-07-24T15:48:41+0000,"₹ 40,00,000"
New Flats for sale 1 & 2 Bhk,"*Gorgeous flat with very good amenities in a wonderful neighborhood. Close to schools and temples.  And close pammal Sub-Registration office.  *Gleaming tiles flooring in living areas, Anti skid flooring in bathroom and carparking areas.  *flats has separate safety gates.  Secured and peaceful place for living. *Main doors with teakwood ornamental panelled.  Bedroom doors are framed hardcore flush shutters.  *All internal walls brilla wall putty and have two coats Asian panits.  Outer walls are Emulsion paints.  Rcc framed structure built-in ARS steels..",1 Bds - 1 Ba - 493 ft2,"Anakaputhur Thendral Nagar, Chennai, Tamil Nadu, India",2022-04-03T05:12:42+0000,"₹ 26,00,000"
2 BHK AT ARTILERY CENTER ROAD,"A housing project designed to match your dreams and practical day to day needs. Project is taking shape at artillery centre road, equipped with best amenities, well connected with busy nodes of city & strategically located considering your ease of access. In close vicinity to Railway Station, Bus Stop, School, College, Hospitals & Recreational Centre.",2 Bds - 2 Ba - 1140 ft2,"Artillery Center Road, Nashik, Maharashtra, India",2022-06-25T11:40:09+0000,"₹ 44,15,811"
2BHK VILLA SALE In Thiruporur,2bhk villa Clear title Approved plots and villa Tar road Eb Separate compound wall and grill gate.,2 Bds - 3 Ba - 805 ft2,"OMR, Chennai, Tamil Nadu, India",2022-07-17T11:01:27+0000,"₹ 37,00,000"
4 Cent's (അടിപൊളി വീട്) 46 lakhs 1300 sqft 3 bhk,4 cent's land 1300 sqft 3 bhk brand new independent house for sale with car parking Rs/- 46 lakhs slightly negotiable near by just wanna couple distance from Mulamthuruthiy perumbahalli main road  മുളന്തുരുത്തി പെരുമ്പള്ളി മെയിൻ റോഡിൽ നിന്ന് നടക്കാവുന്ന ദൂരത്തിൽ പുതിയതായി നിർമ്മാണം കഴിഞ്ഞ വീട് വിൽപ്പനക്ക്  4 സെൻറ് സ്ഥലത്ത് 1300 സ്ക്വയർ ഫീറ്റിൽ മൂന്ന് കിടപ്പും മുറികളും അറ്റാച്ച്ഡ് ബാത്റൂമുകളും ഉള്ള പുതിയ വീട് വില്പനയ്ക്ക് Rs/- 46 lakhs Slightly negotiable  വിശാലമായി ഒരു കാർ പാർക്ക് ചെയ്യാനുള്ള സൗകര്യം ഉണ്ട് ശുദ്ധജലത്തിനായി കിണർ വെള്ളമാണ് ഉപയോഗിക്കുന്നത് ഈ മനോഹരമായ വീട് സ്വന്തമാക്കുവാൻ ആഗ്രഹിക്കുന്നവർ ബന്ധപ്പെടുക  Consultancy fees is @  1% of total sale agreement value. If you are interested please contact for more details Nice Place Properties Vyittla Ernakulam. 9️⃣0️⃣6️⃣1️⃣8️⃣8️⃣8️⃣8️⃣7️⃣4️⃣ Broker excuse,3 Bds - 3 Ba - 1300 ft2,"Mulanthuruthy, Kochi, Kerala, India",2022-07-24T15:22:22+0000,"₹ 46,00,000"
2 floor completed house,"Anita Niwas is situated at Amra Kahira Chak, Near Kandawa, CHITAIPUR CHAURAHA, DLW, VARANASI interested buyer can contact",4+ Bds - 2 Ba - 800 ft2,"Chitaipur, Varanasi, Uttar Pradesh, India",2022-07-24T15:21:31+0000,"₹ 30,00,000"
Selling property,Want to sell property,2 Bds - 1 Ba - 975 ft2,"Bijoli, Bijauli Industrial Area, Uttar Pradesh, India",2022-07-24T15:21:27+0000,"₹ 30,00,000"
"4 bhk, Sqft 1700, House at Edapally Varapuzha, thirumuppam kaitharam","4 bedroom house 1700 sq ft 4.300 cent plot New build house for sale at Edapally, Varapuzha,kaithaaram Bus root 30 mtr distance  Church,temple,near Home loan available up to 90% 70 lakh Price is negotiable  Call me for more details 9️⃣8️⃣4️⃣7️⃣3️⃣8️⃣6️⃣4️⃣4️⃣3️⃣",4 Bds - 4 Ba - 1700 ft2,"Edapally, Kochi, Kerala, India",2022-07-24T15:21:14+0000,"₹ 70,00,000"
House for sale near parottukonam,URGENT SALE  4cent with 850 sqft house 1km away from Nalachira 700m away from kesavadasapuram junction. Expected price 65lakhs. Price negotiable,2 Bds - 2 Ba - 850 ft2,"Kesavadasapuram, Thiruvananthapuram, Kerala, India",2022-07-24T15:20:07+0000,"₹ 65,00,000"
Urgent sale,Good loction,4 Bds - 2 Ba - 1050 ft2,"Kursi Road, Lucknow, Uttar Pradesh, India",2022-07-24T15:19:48+0000,"₹ 60,00,000"
1 BHK HOUSE,Individual House in TNHB ready to move in,1 Bds - 2 Ba - 480 ft2,"Edayanchavadi, Chennai, Tamil Nadu, India",2022-07-24T15:18:57+0000,"₹ 22,00,000"
Edakochi south near St.Lawrence  church  Sajeev road .  200 mtr for NH,Financial  purposes,3 Bds - 2 Ba - 650 ft2,"Edakochi, Kochi, Kerala, India",2022-07-24T15:18:37+0000,"₹ 22,00,000"
Hello mam/sir this is best opportunity to buy(borewell also available),Home at low price in today time hurry up only one house is remaining it is located at athani road near allamin Vijayapur Karnataka,2 Bds - 2 Ba - 1000 ft2,"Chennama Rani Chowk, Vijayapura, Karnataka, India",2022-07-24T15:18:36+0000,"₹ 28,75,000"
2 BHK FOR SALE AT KALLAKURICHI WITH STILT CAR ARKING,"2BHK CORNER FLAT AT KALLAKURICHI WITH AMPLE SUNLIGHT,PERFECT CONDITION,2 BEDROOM,2 BATHROOMS,1 STILT CAR PARKING 2 BIKE PARKING WITH LIFT AND IN THE CENTRE OF KALLAKURICHI",2 Bds - 2 Ba - 800 ft2,"Kallakuruchi, Kallakkurichi, Tamil Nadu, India",2022-07-24T15:18:07+0000,"₹ 26,00,000"
DUPLEX VILLA SIZE :- 62 ( 14*40) Rs :- 22K,"Duplex Villa Ready To Move. AC Fitting And water Motor, All Accessories Fitting Complete. All Sale And Now this Last One Pending",4 Bds - 2 Ba - 62 ft2,"Khatipura, Jaipur, Rajasthan, India",2022-07-24T15:17:50+0000,"₹ 22,00,000"
New house in erumely.,700m away from erumely town. 2700 square feet house.5 bedroom with 3 attached bathroom and 1 common bathroom. 13 cent plot. Open well -Perennial water. Water and electrical connection.,4+ Bds - 4 Ba - 2700 ft2,"Erumely, Kottayam, Kerala, India",2022-07-24T15:17:24+0000,"₹ 90,00,000"
Levish luxurious house at prime location,A high class house in a very cream location,3 Bds - 3 Ba - 1820 ft2,"Indira Nagar, Lucknow, Uttar Pradesh, India",2022-07-24T15:17:17+0000,"₹ 92,00,000"
2 BHK Flat Modular kitchen Loan and Govt Subsidy,1. 2 Bedrooms  2. 1 Drawing Hall  3. 1 Wardrobe  4. 2 Bathrooms  5. 1 Balcony  6. 1 Modular kitchen with Chimney  7. 1 Car Parking  8. Lift Facility  9. Loan facility  10. Intercom and automatic locking  11. Loan up to 90%  12. Subsidy up to As Applicable,2 Bds - 1 Ba - 500 ft2,"Uttam Nagar, Delhi, Delhi, India",2022-07-24T15:16:33+0000,"₹ 23,00,000"
घर बिक्री के लिए,"SRS मॉल मात्र 100 मीटर , डाकखाना मात्र 100 मीटर , नगर निगम मात्र 150 मीटर की दूरी  चारों ओर बाजार   नीचे दुकान ऊपर रिहाइश",3 Bds - 3 Ba - 350 ft2,"Maheshpura, Kashipur, Uttaranchal, India",2022-07-24T15:16:28+0000,"₹ 40,00,000"
1 BHK Flat with bike parking and Government Subsidy,1 Bedroom  1 Wardrobe  1 Bike Parking  1 Bathroom  1 Drawing Hall  Loan up to 90%  Government Subsidy as applicable  Groundwater  Electricity connection,1 Bds - 1 Ba - 400 ft2,"Uttam Nagar, Delhi, Delhi, India",2022-07-24T15:16:15+0000,"₹ 15,00,000"
2bhk flat available prime location in uttam nagar with car parking,2 bed rooms and one hall ith false ceiling work and contomize wall papers. One modular kitchen with chimney.  Two washrooms with tile work upto roof height.  PMAY facility also available (conditional).  Seprate Water and electricity meters also available.  This property available in prime location in uttam nagar.,2 Bds - 2 Ba - 500 ft2,"Uttam Nagar, Delhi, Delhi, India",2022-07-24T15:16:10+0000,"₹ 25,50,000"
"3 BHK & 4 BHK  HIGHIER LIVING IN PAL , ADAJAN","》GROUND FLOOR PLAN  LEGEND  01) Entry/Exit  02) Entrance Foyer  03) Electric Meter Space  04) Conference Hall  05) Multipurpose Hall  06) Toy Parking Area  07) Party Lawn  08) Seating Area  09) Ramp DN To Basement  10) Parking  》FIRST FLOOR PLAN  LEGEND  01) Society Office  02) Gym  03) Children Play Area  04) Game Zone)  05) Yoga  06) Jogging Track  07) Sitting Area  08) Green Space  09) Gazebo  10) Water Body With Cascade  CAMPUS FACILITY  》 Site development with landscaping  LANDSCAPING  SECURITY  》 High security with access control of members  INTERCOM FACILITY  FIRE SAFETY   》 Security system with CCTV in campus and intercom facility  Fire hydrant facility as per NORMS  ELEVATORS  • Standard size elevators of Kone / Schindler/equivalent make  ANTI-TERMITE TREATMENT  Anti-termite treatment in the campus  • Earthquake resistant Structural Design for RCC frame structure with isolated footings and  in fill masonry walls  》 UNITS SPECIFICATION  Italian flooring in living room, dining & kitchen,  • One master bed room with wooden floor  》32"" x 32"" high quality vitrified tile flooring in other bedrooms  LIVING SPACES  • Granite/Quartz stone kitchen platform with a S.S. Sink  KITCHEN  • Ceramic tiles dado  RO Water purifier of standard make  》 Gujarat gas piped connection  STORE  •Adequate stone shelves  WASH AREA  》 Kota stone flooring with adequate electrical plumbing and drainage points  》Vitrified/Ceramic tiles up to lintel level  TOILET  》Jaquar/Kohler/Grohe equivalent CP fitting with canceled plumbing • Common toilet designed with vitrified/ceramic tiles  • Sanitary ware of Jaquar/Cera/equivalent make  • Centralized geyser connection with geyser fitting in wash area  》Mala plaster finish with good quality of putty finish  INTERIOR  • Designer main door with veneer and teakwood frame  DOOR-WINDOW  • Sufficient points in concealed copper wiring  Designer laminated internal Doors  All doors fitted with standard locks  • Fully glazed aluminum windows  ELECTRICAL  • Modular switches  》3 phase power supply to each flats  PLUMBING & DRAINAGE  • Standard quality CPVC/PVC pipe of Astral/Supreme/equivalent make  WATERPROOFING  All toilet and terraces are well water proofed  FAÇADE TREATMENT  • Double coat plaster with weather shield paint & texture  ELECTRICAL & POWER BACK-UP  • Standard quality generator of sufficient capacity of power back up for elevators, water  pumps and general lighting of common areas",3 Bds - 3 Ba - 2035 ft2,"Pal, Surat, Gujarat, India",2022-06-11T11:13:03+0000,"₹ 1,25,37,635"
Affordable 1bhk on prime location near 200 ft road,"1 BHK BUILDER FLOOR  SIZE : 62 SQ.YD LOCATION : 123 SECTOR ON 200 FT. FEATURES AND AMENITIES :- Fully Equipped Modular Kitchen. Modular Wardrobes in Bedroom  Washrooms with branded Fittings (Jaguar)  Covered Wiring for DTH, Telephone.  Spacious balconies with Anti Skid Tiles.  Split AC Provision in Flats.  Branded Doors.  Secured Gated society with hi-tech secur  Underground wire & cabling.  With Spacious drawing cum dining",1 Bds - 1 Ba - 550 ft2,"Sector 124, Mohali, Punjab, India",2022-07-01T09:56:52+0000,"₹ 19,90,000"
Nr LDA Mansarovar Yojana Sector O Shaheed Path,"Ready To Move 3 BHK House Near LDA Mansarovar Yojana Sector O Shaheed Path  Amenities: Road, Light, Gated Colony, Drainage ETC  Landmarks: 400 Meter From Shaheed Path, Next To LDA Colony, 500 Meter From Shivani School, 3 Km From LDA Parag  Bank Loan Available",3 Bds - 3 Ba - 1400 ft2,"LDA Sector, Lucknow, Uttar Pradesh, India",2022-07-16T11:19:28+0000,"₹ 55,00,000"
BUDJET HOUSE FOR TCHNOCITY NEAR  4CENT 1200SQFT 3BHK HOUSE FOR SALE,4cent 1200sqft 3bhk Openwell Main road distance 400mtr,3 Bds - 3 Ba - 1200 ft2,"Kaniyapuram, Thiruvananthapuram, Kerala, India",2022-07-24T15:16:09+0000,"₹ 43,00,000"
Pukkattupady 5.100cent 2100sqft,New beautiful house for sale at pukkattupady 5.100cent 2100sqft 4bedroom with attached bathroom Good well water Cupboard work facilities  Easy acess to bus stop 200mt Raja giri hospital 4.4km Aluva railway station 8.1km Info park 8.3km Kalamassery medical college 7.6km Lulu mall 13km  Price 75lakh Price negotiable Loan facilities available For more details call me 9️⃣9️⃣4️⃣6️⃣3️⃣2️⃣2️⃣1️⃣6️⃣7️⃣,4 Bds - 4 Ba - 2100 ft2,"Kakkanad, Kochi, Kerala, India",2022-07-24T15:16:09+0000,"₹ 75,00,000"
Aluva pukkattupady 3.5cent 1450sqft,New beautiful house for sale at pukkattupady 3.5cent 1450sqft 3bedroom with attached bathroom Cupboard work facilities Good well water   Easy access to Bus stop 300mt Raja giri hospital 4.4km Kalamassery 6.8km Lulu mall 14km Aluva railway station8.2km Infopark 9.0km Kalamassery medical college 7.6km  Price 57lakh Price negotiable Loan facilities available Home loan and NRI LOANS AVAILABLE FOR MORE DETAILS CALL ME,3 Bds - 3 Ba - 1450 ft2,"Ernakulam, Kochi, Kerala, India",2022-07-24T15:16:09+0000,"₹ 57,00,000"
Aluva kalady thettali bus stop 4.5cent 1800sqft,New beautiful house for sale at thettali 4.5cent 1800sqft 4bedroom with attached bathroom Cupboard work facilities Good well water  Esay access to bus stop 200t Cohin international airport 4.5km Aluva railway station 6.4km Kalady 9.8km  Price 65lakh Price negotiable Loan facilities available For more details call me,4 Bds - 4 Ba - 1800 ft2,"Bank Junction, Aluva, Kerala, India",2022-07-24T15:16:09+0000,"₹ 65,00,000"
MANNANTHALA MUKKOLA  4BHK 1850 SQFT 4.500 CENT INDEPENDENT HOUSE,4BHK 1850 SQFT AREA 4.500 CENT LAND AREA  2 CAR PARKING SPACE AVAILABLE 4 BEDROOMS 4 BATHROOMS 4 BEDROOMS ATTACHED BATHROOMS SITOUT LIVING AREA AND DINING AREA KITCHEN VERY NICE BEAUTIFUL BALCONY 2 CAR PARKING SPACE AVAILABLE VERY COSTLY VITRIFIED TILE FLOORING 24 HOURS ELECTRICITY AND CORPORATION WATER KWA CONNECTION FACILITY AVAILABLE VERY CLEAN AND SILENT BEAUTIFUL VVIP RESIDENTIAL AREA VERY NEAR TO MAJOR SCHOOL AND COLLEGE HOSPITAL BANK SUPER MARKET ATM ETC FULLY COUMPOUND WALL AND INDEPENDENT GATED PROPERTY BEAUTIFUL HOUSE LORRY ACCESS PLOT TAR ROAD FRONTAGE ORIGINAL DRY LAND KARA BHOOMI  AMOUNT. 8000000 LAKHS PRICE. 80 LAKHS BROKERS PLEASE EXCUSE GENUINE BUYERS ONLY PLEASE CALL ME BROKERS PLEASE EXCUSE,4 Bds - 4 Ba - 1900 ft2,"Nalanchira, Thiruvananthapuram, Kerala, India",2022-07-24T15:16:09+0000,"₹ 80,00,000"
4BHK POSH LUXURY PREMIUM INDEPENDENT VILLAS HOUSE PEROORKADA,4BHK POSH LUXURY PREMIUM INDEPENDENT VILLAS HOUSE AVAILABLE AT PEROORKADA  GENUINE BUYERS ONLY PLEASE CALL ME BROKERS PLEASE EXCUSE  FULLY RED BREAK USED CONSTRUCTION WORK  PRICE   4BHK 6.640 CENTS LAND AREA 3100 SQFT AREA 4 CAR PARKING SPACE AVAILABLE AMOUNT. 19000000. CRORE PRICE. 1.90. CRORE PRICE NEGOTIABLE  VERY SPACIOUS BEDROOM VERY SPACIOUS BATHROOMS ALL BEDROOMS ATTACHED BATHROOMS VERY SPACIOUS SITOUT VERY SPACIOUS LIVING AREA AND DINING AREA VERY SPACIOUS BEAUTIFUL MODERN MODULAR KITCHEN AND WORK AREA SPACE AVAILABLE VERY SPACIOUS BEAUTIFUL BALCONY VERY SPACIOUS 4 CAR PARKING SPACE AVAILABLE VERY SPACIOUS BEAUTIFUL KITCHEN CUPBOARD AND BEDROOMS CUPBOARD VERY COSTLY RAK VITRIFIED TILE FLOORING VERY COSTLY PLUMBING WORKS AND SANITARY FITTINGS JAGUAR AND RAK FITTINGS VERY COSTLY 3 FACE ELECTRIC WIRING AND 3 FACE ELECTRICITY CONNECTION FACILITY AVAILABLE 24 HOURS ELECTRICITY AND CORPORATION WATER CONNECTION FACILITY AVAILABLE VERY BEAUTIFUL GARDEN LORRY ACCESS PLOT TAR ROAD FRONTAGE ORIGINAL DRY LAND KRA BHOOMI VERY CLEAN AND SILENT BEAUTIFUL VVIP RESIDENTIAL AREA FULLY COMPOUND WALL AND INDEPENDENT GATED PROPERTY VILLAS HOUSE VERY NEAR TO MAJOR SCHOOL AND COLLEGE HOSPITAL BANK SUPERMARKET ATM ETC  TOTAL 9 INDEPENDENT VILLAS HOUSE PROJECTS ONLY 1 4BHK  INDEPENDENT VILLAS HOUSE AVAILABLE 4BHK INDEPENDENT VILLAS HOUSE AVAILABLE AMOUNT.19000000. CRORE PRICE. 1.90 . CRORE PRICE NEGOTIABLE  GENUINE BUYERS ONLY PLEASE CALL ME BROKERS PLEASE EXCUSE,4 Bds - 4 Ba - 3100 ft2,"Kowdiar, Thiruvananthapuram, Kerala, India",2022-07-24T15:16:09+0000,"₹ 1,80,00,000"
MainRoad+100MitrThirumalaThachottukavu,4.500cent1800sq4bhk,4 Bds - 4 Ba - 1800 ft2,"Thirumala, Thiruvananthapuram, Kerala, India",2022-07-24T15:16:08+0000,"₹ 67,00,000"
2bhk flat in uttam nagar west,2 BHK flat 2 bedroom 2 washroom to balcony one moulder kitchen left and car parking wooden work 90% home loan Metro Se Mat 800 meter ki Duri,2 Bds - 2 Ba - 500 ft2,"Om Vihar, Delhi, Delhi, India",2022-07-24T15:16:08+0000,"₹ 17,69,864"
Agr top floor chahiye to abhi call milaye,"(1) 2 spacious bedroom with wardrobe ,classic false ceiling. (2) spacious balcony attached bedrooms. (3) Fully modular kitchen with chimney with designing mica. (4) 2 bathroom proper wall to wall tiles with sentry fittings. (5) Guaranteed LED lights,in every rooms. (6) Heavy quality Doors with both side designing mica. (7) Texture paints or wallpaper on single wall in every rooms. (8) Separate electric and water connections for all flats (9) separate 1000ltr water tank on roof for all floors 24 hours ground water. (10)cover car parking. (11) intercom door lock facility. (12) 90% Home loan facility nationalized bank(LIC,GIC,HERO FINCORP, IDFC, IIFL,BAJAJ,ICICI BANK",2 Bds - 2 Ba - 550 ft2,"Uttam Nagar, Delhi, Delhi, India",2022-07-24T15:16:07+0000,"₹ 25,75,10,000"
"2 bhk flat, Ready to Move",Ready to move  2 bhk semifinished flat for sell Instant Registry  90% Loan all govt bank,2 Bds - 2 Ba - 900 ft2,"Sector 70A, Gurgaon, Haryana, India",2022-07-24T15:16:07+0000,"₹ 36,00,000"
"Varapuzha, koonammavu, kongorpilly,2 bed ,30 lakhs nego","3.5 cent,2 bed ,750sqft  More details please call",2 Bds - 2 Ba - 750 ft2,"Koonammavu, Kottuvally, Kerala, India",2022-07-24T15:16:07+0000,"₹ 30,00,000"
There is no place like home for real comfort,All the luxurious amenities are available 24/7 security Grand entrance pavilion Swimming pools Ac gym Yoga center Badminton court Children's park area Guest rooms Banquet halls Jogging tracks Cricket nets Super Market Meditation centre  Card rooms Fire safety CCTV surveillance Intercom security Vastu complaint Cards room Kids zone Parks Jogging tracks  And many more,2 Bds - 2 Ba - 1202 ft2,"Turkayamjal, Hyderabad, Telangana, India",2022-07-24T15:16:06+0000,"₹ 33,65,000"
3bhk semi furnished flat with lift car parking top floor 90% loan fac.,"3 BHK flat at 40 Lacs on 20 Ft Road at uttam  Nagar, Delhi with car Parking 3 BHK Flat  3 Bedrooms 2 Bathrooms 1 Balcony 1 Drawing Hall 1 Modular kitchen 1 Car parking Loan facility Intercom and automatic locking system Bank loan upto 90% PMAY Subsidy upto 3.5 lacs conditional Just 5 minutes from uttam nagar West metro station or just 800 to 900m Other Flats are also available in Uttam Nagar 1RK – 6 Lacs to 8 Lacs 1BHK- 12 Lacs to 18 Lacs 2BHK- 17 Lacs to 25 Lacs 3BHK- 28 Lacs to 40 Lacs 4BHK- 44 Lacs to 60 Lacs",3 Bds - 2 Ba - 800 ft2,"Uttam Nagar, Delhi, Delhi, India",2022-07-24T15:16:06+0000,"₹ 40,00,000"
45sq yard 1 Bhk semi furnished new flat with bike parking 90%loan,"1 BHK flat at 16 Lacs on 25 Ft Road at uttam  Nagar, Delhi with Bike Parking 1 BHK Flat  1 Bedrooms 1 Bathrooms 1 Balcony 1 Drawing Hall 1 Modular kitchen 1 Bike parking Loan facility Intercom and automatic locking system Bank loan upto 90% PMAY Subsidy upto 3.5 lacs conditional Just 5 minutes from uttam nagar West metro station or just 800 to 900m Other Flats are also available in Uttam Nagar 1RK – 6 Lacs to 8 Lacs 1BHK- 12 Lacs to 18 Lacs 2BHK- 17 Lacs to 25 Lacs 3BHK- 28 Lacs to 40 Lacs 4BHK- 44 Lacs to 60 Lacs",1 Bds - 1 Ba - 450 ft2,"Uttam Nagar, Delhi, Delhi, India",2022-07-24T15:16:06+0000,"₹ 16,00,000"
3 Bhk new semi furnished flat modular kitchen ready to move 90%loan,"3 BHK flat at 35  Lacs on 20 Ft Road at uttam  Nagar, Delhi with car Parking and lift 3 BHK Flat  3 Bedrooms 2 Bathrooms 1 Balcony 1 Drawing Hall 1 Modular kitchen 1 car parking Loan facility Intercom and automatic locking system Bank loan upto 90% PMAY Subsidy upto 3.5 lacs conditional Just 5 minutes from uttam nagar West metro station or just 800 to 900m Other Flats are also available in Uttam Nagar 1RK – 6 Lacs to 8 Lacs 1BHK- 12 Lacs to 18 Lacs 2BHK- 17 Lacs to 25 Lacs 3BHK- 28 Lacs to 40 Lacs 4BHK- 44 Lacs to 60 Lacs",3 Bds - 2 Ba - 700 ft2,"Uttam Nagar, Delhi, Delhi, India",2022-07-24T15:16:06+0000,"₹ 35,00,000"
1 Bhk new flat ready to move builder floors in uttam nagar west,"1 BHK flat at 14 Lacs on 22 Ft Road at uttam  Nagar, Delhi With bike parking 1 BHK Flat  1 Bedrooms 1 Bathrooms 1 Balcony 1 Drawing Hall 1 Modular kitchen 1 bike parking Loan facility Intercom and automatic locking system Bank loan upto 90% PMAY Subsidy upto 3.5 lacs conditional Just 5 minutes from uttam nagar West metro station or just 800 to 900m Other Flats are also available in Uttam Nagar 1RK – 6 Lacs to 8 Lacs 1BHK- 12 Lacs to 18 Lacs 2BHK- 17 Lacs to 25 Lacs 3BHK- 28 Lacs to 40 Lacs 4BHK- 44 Lacs to 60 Lacs",1 Bds - 1 Ba - 400 ft2,"Uttam Nagar, Delhi, Delhi, India",2022-07-24T15:16:06+0000,"₹ 14,00,000"
1 BHK 40 ( Sqr) semi furnish with bike parking uttam Nagar t,"1 BHK flat at 14.25Lacs on 20 Ft Road at uttam  Nagar, Delhi with Bike Parking 1 BHK Flat  1 Bedrooms 1 Bathrooms 1 Balcony 1 Drawing Hall 1 Modular kitchen 1 Bike parking Loan facility Intercom and automatic locking system Bank loan upto 90% PMAY Subsidy upto 3.5 lacs conditional Just 5 minutes from uttam nagar West metro station or just 800 to 900m Other Flats are also available in Uttam Nagar 1RK – 6 Lacs to 8 Lacs 1BHK- 12 Lacs to 18 Lacs 2BHK- 17 Lacs to 25 Lacs 3BHK- 28 Lacs to 40 Lacs 4BHK- 44 Lacs to 60 Lacs",1 Bds - 1 Ba - 400 ft2,"Uttam Nagar, Delhi, Delhi, India",2022-07-24T15:16:06+0000,"₹ 14,25,000"
2 bedroom apartment @ Ambalammukku,Moving to native,2 Bds - 2 Ba - 495 ft2,"Ambalam Jn., Thiruvananthapuram, Kerala, India",2022-07-14T10:30:34+0000,"₹ 23,00,000"
5CENT 4BHK KAKKANAD PALLIKKARA NEW POSH HOUSE,5Cent 2000Sqft 4Bhk New posh house kakkanad pallikkara. Only 6.5km from infopark and smartcity kakkanad. Only 500mtr from bus route. Good open well water. Loan facilities are available. For More details please contact. Arun 9847 // 0030 // 46 Prasanth 9495 // 2077 // 89 74Lakh Negotiable.,4 Bds - 4 Ba - 2050 ft2,"Kakkanad, Kochi, Kerala, India",2022-06-30T16:45:27+0000,"₹ 74,00,000"
Pent house,"Primium loceted pent house, 2bhk species with terrace ( 150 sq yard flet & 150 sq yard terrace ) nr rajhansh cinema, nikol",2 Bds - 2 Ba - 1350 ft2,"Nikol - Naroda Road, Ahmedabad, Gujarat, India",2022-07-11T14:30:15+0000,"₹ 55,00,000"
HOUSE FOR SALE,4.5 cent plot with house for sale,4 Bds - 2 Ba - 700 ft2,"Kanjirampuzha, Alappuzha, Kerala, India",2022-07-24T15:39:40+0000,"₹ 55,00,000"
3 BHK bungalow with garden available for sale near van mandal office..,"Bungalow constructed at ground level 3 BHK with 2 separate lath bath and store room. 800 sq feet bungalow garden available with boundary area having many fruits tree. Property is available in well developed high profile residential area. Exact location in front of Sanskar Hospital near Van mandal office, panchsheel nagar, ram nagar. From AB road only 100 meters away.  All prime facilities available. 100% full boring anytime any season. Newly Painting and water proofing done from Asian paint, guarantee for 7 years. East facing and society big garden facing house with vastu of house ""Gomukh"". Store room has full shutter at back side of house with separate entry.  In front of house big garden available.   Rental income of 20,000 per month.    Broker May also contacted for deserve rates.",3 Bds - 2 Ba - 2600 ft2,"Pansheel Nagar, Dewas, Madhya Pradesh, India",2022-07-24T15:39:36+0000,"₹ 85,00,000"
Registered 3bhk flat for sell in sonari karmel,Registered 3bhk flat for sell in sonari near karmel school 3 bedrooms Two bathroom one kitchen and drawing and dining hall one balcony lift and car parking jusco water and electricity regestery and loan facility price 48lac serious buyers may contact please,3 Bds - 2 Ba - 1150 ft2,"Sonari, Jamshedpur, Jharkhand, India",2022-07-24T15:39:29+0000,"₹ 48,00,000"
Ready to move house in Borsi ( 3BHK duplex house ),Durg borsi main road me RERA Approval T& C project colony ( Galaxy height ) Independent house 3 BHK Plot area - 1200 sq Build-up area - 1800 sq Saperate bore Car parking Red bricks Digital tiles 3 phase connection AC Garden for playing children Club House Gym Open theatre for children presentation show or function CC road 30 se 40 feet Roads Under drainage.light Life time membership free Distance Railway Station - 3 km Bus stand - 2 km Secter-9 Hospital 3 km District Hospital - 3 km S v school - 2km Dav public school- 3 km,3 Bds - 3 Ba - 1800 ft2,"Borsi Colony, Durg, Chhattisgarh, India",2022-07-24T15:39:04+0000,"₹ 45,00,000"
2 bhk for sale,2 bhk for sale Govindpuri extension nearby market  2 side open  flat  bank  loan available,2 Bds - 2 Ba - 800 ft2,"Govindpuri, Delhi, Delhi, India",2022-07-24T15:39:03+0000,"₹ 45,00,000"
Spacious Apartment For Sale in Kozhikode,"Upgraded unit on the second floor of the luxurious Seiken Crestwood building. The unit has been freshly painted, lighting and A/C unit have been upgraded. A covered parking spot as pictured is included in the price of the unit. Located centrally in Kozhikode, close to Baby Memorial, MIMs, and Starcare hospitals.",3 Bds - 2 Ba - 1253 ft2,"Nellikode, Kozhikode, Kerala, India",2022-07-24T15:38:55+0000,"₹ 65,00,000"
Fore sale  home,10 cent plot Car site,2 Bds - 2 Ba - 1400 ft2,"Pookkad, Kozhikode, Kerala, India",2022-07-24T15:38:30+0000,"₹ 50,00,000"
1.75 Acre land with fully furnished house for sale,"Farm House for Sale  Place- Inchakundu, Thrissur 12 km from NH 47 1200 sq ft single story building. Sitout, living, 4 bedrooms, 2 bathroom, kitchen, Working area.water connection, Electricity Connection, well(All season water). Land type-Agri- Rubber, Coconut etc. Flood free zone. Near by Govt UP school, English medium School, Engineering College, Church, Mosque,SNDP Temple, Bus stop 300m distance,Suitable for farm.  Final Price 50000 per cent",4 Bds - 2 Ba - 1200 ft2,"Kodakara, Thrissur, Kerala, India",2022-07-24T15:38:26+0000,"₹ 50,000"
New house Sreekaryam Njandoorkonam,"New house Njandoorkonam Trivandrum 1920 sqft, 4 bathroom 4 bedroom Open well, 2 car parking,  Modular kitchen,  75 Lakhs negotiable",4 Bds - 4 Ba - 1920 ft2,"Kazhakoottam, Thiruvananthapuram, Kerala, India",2022-07-24T15:38:23+0000,"₹ 75,00,000"
"Close to Bus stop, very close to city centre",Ideal for commercial purposes.,4+ Bds - 4+ Ba - 2788 ft2,"Gopalpura, Chitradurga, Karnataka, India",2022-07-24T15:37:37+0000,"₹ 48,00,000"
House for sale in Kalapatti Nehru Nagar,3bhk house  North facing Duplex house Car parking Borewell 90% loan available PMAY Subsidy 2.68,2 Bds - 2 Ba - 950 ft2,"Airport Area, Coimbatore, Tamil Nadu, India",2022-07-24T15:37:18+0000,"₹ 52,00,000"
2bhk flat for Sale in Chakan,"2bhk falt for sale in Chakan with all amenities like play ground,swimming pool,gym etc.",2 Bds - 1 Ba - 651 ft2,"Chakan, Pune, Maharashtra, India",2022-07-24T15:36:57+0000,"₹ 25,50,000"
6 cent plot with single Storeyed house,"Single Storeyed House With  6 Cent Plot (partition available).  Located Near Mamood Jn ,Palakulam,Alappuzha,Kerala,India Dm For Contact Details .",4 Bds - 3 Ba - 500 ft2,"Kaichoondy, Alappuzha, Kerala, India",2022-07-24T15:36:18+0000,"₹ 35,00,000"
Individual luxury House for sale in Saravanampatti,3bhk Ultra duplex house Borewell Car parking Eb connection Dinning room Balcony 90% loan available PMAY Subsidy 2.68,3 Bds - 3 Ba - 2100 ft2,"Peelamedu, Coimbatore, Tamil Nadu, India",2022-07-24T15:35:33+0000,"₹ 82,00,000"
"Best  vila , 77gaz Best location in nadi ka patak ,","JDA approved, good material use in construction, design by the  architect, good society, water facility , newly constructed",3 Bds - 3 Ba - 1500 ft2,"Dadi Ka Phatak, Jaipur, Rajasthan, India",2022-07-24T15:35:17+0000,"₹ 46,00,000"
8months reasale flat...,Flat.. resale ..8 months.,2 Bds - 2 Ba - 900 ft2,"North Barrackpore, Kolkata, West Bengal, India",2022-07-24T15:34:13+0000,"₹ 20,00,000"
Resale of 3bhk east facing corner flat with premium interiors,"Resale of 3bhk east facing corner flat with premium interiors in Gothics Parnakuteer Pragati Nagar. Prime location with all branded eateries, restaurant, and super markets within walking distance. Comes with a hitachi AC in the master bedroom, geyser, inverter, RO, Faber gas hob 4 burner with exhaust, modular kitchen, Armadio wardrobes with beds and mattresses in all 3 bedrooms, a dressing table, and premium fans in all rooms. 2 back to back car parkings. The flat doesn't have any common walls and has abundant natural light as it is a corner flat and the balcony has park view. Surplus Manjeera connections and bore water.",3 Bds - 2 Ba - 1530 ft2,"Pragathi Nagar, Hyderabad, Telangana, India",2022-07-24T15:34:11+0000,"₹ 97,00,000"
2 bhk flat CC and OC recieved Ready to occupy at Yemalur,"Ready to occupy, A katha, CC & OC obtained. with  luxury amenities.   The Desire To Live beyond just another address. Every home brings along something good, something nice with it. Because we always consider a home, to be a harbinger of all that we expect from life. Happiness, surprises, comfort, peace- a bundle of all these and many more make an ideal home. What if, that thome also becomes a place that hosts prosperity for the rest of your life! Here's to such a home. Here's here's welcoming you to life of prosperity, at Lakshmi Bhargav Heights.",2 Bds - 2 Ba - 1000 ft2,"Yemlur, Bengaluru, Karnataka, India",2022-07-19T10:28:56+0000,"₹ 55,00,000"
"2BHK -2 portion & 1Room,small kitchen western toilet -1 no","Property Details (Single Owner)  Address:No-26/24A Pawnambal nagar,Pudu kuppam,Anai Kuppam,TS No-888,Block no-13 ,Cuddalore Municipal,Cuddalore-607001 Document Registered = 78 Feet X 40 Feet =3120 Sqft Total Built up Area detail bellows: -  Building Details Front Portion (East Phase) 1. Portico 2. Hall 3. Kitchen 4. M.Bed room (Attached Toilet bath room) 5. Bed Room 6. Staircase  Building Details Front Portion (North Phase) 1. Full length Passage-5 feet width 2. Hall 3. Kitchen 4. M.Bed room (Attached Toilet bath room) 5. Bed Room 6. staircase  Building Details back separate Portion (East Phase) 1 Hall 2 Kitchen 3 Toilet Main building built up area-(42 Feet X 32 Feet= 1344) Excluding Portico, passage and (2 Nos of stair case Area-Front and back side-232 Sqft) Separate Portion (East Phase) Built up area =29 feet X 11 Feet=319 Sqft Total main built up area=1895 Sqft  EB meter –separate-3 Nos(Front portion, Back portion and bore well motor) Bore well,1 HP Pump  Rain water harvesting, septic tank  Now cement road work under progress. for your information",2 Bds - 1 Ba - 3120 ft2,"Pudukuppam, Cuddalore, Tamil Nadu, India",2022-07-22T03:37:22+0000,"₹ 67,50,000"
3 bhk independent villa,3bhk villa,3 Bds - 3 Ba - 1506 ft2,"Vengavasal, Chennai, Tamil Nadu, India",2022-05-27T09:36:37+0000,"₹ 98,00,000"
"Fun with TERRACE + 2 bhk flat, new narsala",Second floor  New narsala  7 .km medical sq  1 km hudkeshwar road  Nmc area  Nmc drinking water supply  Beside bus stop bus available 6 to 9 pm  3 side open building  3 side garden view building  EXCLUSIVE PARTY GARDEN LAWN  Red brick wall  Children play area  Kids play zone  Jogging track  Meditation center   yoga points   senior citizens seating area   get together spot   cCtv camera   security guard post   society room   seperate electric meter room   lightning conductor equipped building   earthquake resistance building  INTERCOM FACILITY AVAILABLE  100% vastu  Kitchen 100 % vastu  Site address is Krishna kunj apartment OPP krishnam NAGRI new NARSALA last bus stop  Much more contact Amit,2 Bds - 2 Ba - 849 ft2,"Nagpur GPO, Nagpur, Maharashtra, India",2022-07-24T15:33:39+0000,"₹ 27,50,923"
Small budget house sale in neelambur,2 bhk house  East and north facing Duplex house Water specialities Eb connection Borewell 90% bank loan PMAY supsity upto 2.68,2 Bds - 2 Ba - 900 ft2,"Chinniyampalayam, Coimbatore, Tamil Nadu, India",2022-07-24T15:33:36+0000,"₹ 39,00,000"
Houing board,New flate purchased,2 Bds - 1 Ba - 80 ft2,"Krishna Nagar, Ahmedabad, Gujarat, India",2022-07-24T15:33:01+0000,"₹ 8,50,000"
"1 Bhk new flat,ready to move for sale","1 BHK Brand new flat, ready to move, possesion recieved in may 2022. Price including 4 wheeler open parking and 18 months maintenance paid.",1 Bds - 1 Ba - 439 ft2,"Chikhali, Pune, Maharashtra, India",2022-07-24T15:32:44+0000,"₹ 27,24,999"
சின்னவேடம்பட்டியில் வடக்கு பார்த்த 6 வீடுகள் விற்பனைக்கு,2bhk DTCP APPROVED Car parking Eb connection Borewell Full furnished 90% bank loan PMAY Subsidy 2.68,2 Bds - 2 Ba - 900 ft2,"Chinnavedampatti, Coimbatore, Tamil Nadu, India",2022-07-24T15:32:36+0000,"₹ 54,00,000"
"Total 2 floor, 4 bedroom 2 kitchen 2 toilet","Total 2 floor, 4 bedroom 2 kitchen 2 toilet",4 Bds - 2 Ba - 1030 ft2,"Baguiati, Kolkata, West Bengal, India",2022-07-24T15:32:29+0000,"₹ 38,00,000"
Front side 2 bhk flat for sale in indirapuram with lift and parking.,"Front side 2 bhk flat for sale in shakti khand 2,indirapuram, Loan up to 80,Modular kitchen Laminated wooden work in all rooms and kitchen,Beautiful park and market nearby Fall ceiling in drawing room,Complete wood work ,Vitrified tiles,Approved freehold property,Fancy lights& fans,Polished doors in all rooms,Texture paint in all rooms, lift and parking available Facilities like market, schools, malls& hospitals on the walking distance.",2 Bds - 2 Ba - 900 ft2,"Indirapuram Shakti Khand 2, Ghaziabad, Uttar Pradesh, India",2022-07-24T15:31:59+0000,"₹ 46,99,000"
1Bhk flat for sale Oc Received,This is spacious 1Bhk master bedroom flat available for sale OC Received near ramdev park mira road east,1 Bds - 2 Ba - 670 ft2,"Mira Road, Mumbai, Maharashtra, India",2022-07-24T15:31:25+0000,"₹ 66,00,000"
2 bhk flat for sale prime location in vasundhara.,"2 BHK FLAT FOR SALE,	  WITH SEPARATE DRAWING & DINING AREA,  MODULAR FITTING IN KITCHEN,  GOOD QUALITY WOOD WORK,  1 COMMON AND 1 ATTACHED BATHROOM,  DESIGNER CURTAIN ROADS,  NEWLY CONSTRUCTED,  PREMIUM LOCATION,  OWNERSHIP WILL BE FREE HOLD,  VITRIFIED TILES FLOORING,  ATTRACTIVE ELECTRIC FITTINGS,	  MALL, SCHOOL, HOSPITAL, MARKET ARE ON WALKING DISTANCE.",2 Bds - 2 Ba - 850 ft2,"Vasundhara Sector 1, Ghaziabad, Uttar Pradesh, India",2022-07-24T15:31:23+0000,"₹ 35,99,000"
2bhk selling flat available in near dmart Ghodbander road,2bhk selling flat available in near dmart Ghodbander road very good condition flat available nice location every facilities available in near new tower balcony flat available garden facing flat school hospital is waking distence please call me,2 Bds - 2 Ba - 1100 ft2,"Manpada, Thane, Maharashtra, India",2022-07-24T15:31:22+0000,"₹ 1,05,00,000"
4bhk lacxy flat available in uttam nagar with car parking and lift and,4 bhk ready to move lacxy flat available in uttam nagar with very reasonable price with 90% home loan facility.  It is near by metro . Front road approx 25 feet.  It har 4 bed rooms and one hall ith false ceiling work and contomize wall papers. One modular kitchen with chimney. Two washrooms with tile work upto roof height.  PMAY facility also available (conditional).  Seprate Water and electricity meters also available.  This property available in prime location in uttam nagar.,4 Bds - 3 Ba - 1090 ft2,"Uttam Nagar, Delhi, Delhi, India",2022-07-24T15:31:17+0000,"₹ 74,50,000"
CHENKOTTUKONAM NEAR 4CENT 1700SQFT 3BHK REDBRICK HOUSE FOR SALE,Redbrick  4cent  1700sqft 3bhk Kitchen Workarea Openwell Carporch Main road distance 500mtr,3 Bds - 3 Ba - 1700 ft2,"Sreekaryam, Thiruvananthapuram, Kerala, India",2022-07-24T15:31:17+0000,"₹ 55,00,000"
Edappally koonammavu 5.3cent 1400sqft,New beautiful house for sale at koonammavu 5.3cent 1400sqft 3bedroom with attached bathroom Cupboard work facilities Good well water  Easy access to lulu mall 11km Aster medcity hosptal 10km Price 65lakh Price negotiable Loan facilities available Home loan and nri loan For more details call me,3 Bds - 3 Ba - 1400 ft2,"Ernakulam, Kochi, Kerala, India",2022-07-24T15:31:17+0000,"₹ 65,00,000"
Edappally cheranallur 3cent 1800sqft,New beautiful house for sale at cheranallur Bus stop 600mt 4bedroom with attached bath room Cupboard work facilities  Easy access to lulu mall 4.5km Aster medcity 2.9km Price 85lakh Price negotiable Loan facilities available Home loan NRI Loan facilities More details call me  9️⃣9️⃣4️⃣6️⃣3️⃣2️⃣2️⃣1️⃣6️⃣7️⃣,4 Bds - 4 Ba - 1800 ft2,"Kakkanad, Kochi, Kerala, India",2022-07-24T15:31:17+0000,"₹ 85,00,000"
House for sale,"TOWNSHIP NAME : SHIVA ENCLAVE  FIRM NAME : SHIVA ENTERPRISES  : GOVERNMENT Approved Township : Approved from all leading BANKS : Almost 75% SOLD out and many families are going living there happily  House in government approved colony 155.55 yard 28ft front and 60ft back 3BHK 4Bathrooms Inbuilt Gas pipes facility Modular kitchen  Pestcide control with bills and guarantee Waterproofing done Best building material Wooden work done Best basework done Led panel done 4 washroom, 4 BHK, 2 lobby, porch This house is on 60ft road 2 year warranty of each and everything Full developing colony  Colony specifications: • 80 to 30 feet roads • Single gated society • 4 parks inside including open gym, badminton court and kids play area • Ample street lightning • Community hall and yoga meditation centre inside • Friendly atmosphere • 24×7 CCTV surveillance • 25 acre township • 87 showroom on main road • Proper drainage system  : FOR MORE INFO   CONTACT US :  ANKUSH WADHWA",3 Bds - 4 Ba - 1400 ft2,"Airport road, Amritsar, Punjab, India",2022-07-24T15:31:16+0000,"₹ 46,00,000"
5 CENT & 4 BHK KAZHAKOOTTAM TECHNOPARK 4 KM,New East facing House For Sale  Technopark 4 km 5 cent 4 BHK Brokers Please Excuse,4 Bds - 4 Ba - 1700 ft2,"Kazhakoottam, Thiruvananthapuram, Kerala, India",2022-07-24T15:31:16+0000,"₹ 55,00,000"
"No Brokerage, Possession July - 2022, Nr. Maxus Mall.","There are various amenities in Ms Shri Venkatesh Silver Spring  Located in Heart of Bhayandar West, 1 and 2 Bhk  Configuration with Modular Kitchen, well Design Spacious, Good Construction of Quality, Close to Maxus Mall  to name a few. Located close to prominent suburbs of Mira Bhayandar, the area of Mumbai Metropolitan Region has prominent schools and hospitals within a close distance,",1 Bds - 2 Ba - 770 ft2,"Bhayandar West, Mumbai, Maharashtra, India",2022-07-24T15:31:16+0000,"₹ 88,55,000"
30#40 barnd new house for sale,30#40 barnd new house 2 bhk pillar construction all teak wood work solar chimney light and Fan fittings srinagara  jp nagar Mysore,2 Bds - 2 Ba - 1200 ft2,"JP Nagar, Mysuru, Karnataka, India",2022-06-01T09:38:37+0000,"₹ 72,00,000"
New house in Narsinghpur near Ilahibaag,Broker Dur rahe...,4 Bds - 3 Ba - 000 ft2,"Mirzapur, Gorakhpur, Uttar Pradesh, India",2022-07-04T10:05:18+0000,"₹ 75,00,000"
2 BHK duplex house for sale at Anekal,2 Bhk Villa’s for sale at millennium Valley layout Anekal This property is approved by BMRDA with Ekkada more than 200 families are living in this layout for more details please contact,2 Bds - 2 Ba - 1150 ft2,"Anekal - Hosur Road, Mathigiri, Tamil Nadu, India",2022-07-05T14:23:47+0000,"₹ 43,00,000"
Aps muskan homes 1bhk @16 lakhs in Noida,Aps muskan homes is a residential property with all modern amenities and facilities near metro station school hospitals etc and aps muskan homes with modular kitchen cupboards in one bedroom light and fans in all bedrooms cctv cameras and 24 hours electricity and 24 hours water Lift covered car parking etc.aps muskan homes booking is open.,1 Bds - 1 Ba - 550 ft2,"Sector 73, Noida, Uttar Pradesh, India",2022-07-24T16:25:37+0000,"₹ 16,00,000"
Adriti pvt ltmd,Apprement flat,2 Bds - 2 Ba - 1250 ft2,"Kollur, Hyderabad, Telangana, India",2022-07-24T16:25:36+0000,"₹ 60,00,000"
Double story house for sale in 38 lakh,Double story house 4 room set  2 modular kitchen Submersible facility One wall is highlights  Demand 38 lakh negotiable price Location kalinka vihar near kargi chowk,4 Bds - 3 Ba - 1035 ft2,"Kargi, Dehradun, Uttaranchal, India",2022-07-24T16:25:29+0000,"₹ 38,00,000"
Aps muskan homes 1bhk luxury flats@15 lakhs onwards,Aps muskan homes is a residential property with all modern amenities and facilities near metro station school hospitals etc and aps muskan homes with modular kitchen cupboards in one bedroom light and fans in all bedrooms cctv cameras and 24 hours electricity and 24 hours water Lift covered car parking etc.aps MUSKAN HOMES booking is open and get monthly rental scheam.,1 Bds - 1 Ba - 550 ft2,"Sector 73, Noida, Uttar Pradesh, India",2022-07-24T16:25:02+0000,"₹ 15,00,000"
Villa Available - BHEL Mayfair,"300 sqrds duplex villa for sale @Velimala,",3 Bds - 3 Ba - 2312 ft2,"Velimela, Hyderabad, Telangana, India",2022-07-24T16:24:46+0000,"₹ 2,45,00,000"
Aps muskan homes 2bhk @27 lakhs in Noida,Aps muskan homes is a residential property with all modern amenities and facilities near metro station school hospitals etc and aps muskan homes with modular kitchen cupboards in one bedroom light and fans in all bedrooms cctv cameras and 24 hours electricity and 24 hours water Lift covered car parking with superb connectivity.,2 Bds - 2 Ba - 950 ft2,"Sector 74, Noida, Uttar Pradesh, India",2022-07-24T16:24:22+0000,"₹ 27,00,000"
1BHK 24 LAKH | DECORATED FLAT | GP BUILDING | NO LOAN,Flat For Sale Badruddin Palace.  Near Mesco School  1BHK  575 Sqft.  24 Lakhs.  Well Maintained Building  More Details Call.  MODERN REALTY,1 Bds - 1 Ba - 585 ft2,"Mumbra, Thane, Maharashtra, India",2022-07-24T16:24:20+0000,"₹ 24,00,000"
Aps muskan homes 2bhk luxury flats@27 lakhs in Noida,Aps muskan homes is a residential property with all modern amenities and facilities near metro station school hospitals etc and aps muskan homes with modular kitchen cupboards in one bedroom light and fans in all bedrooms cctv cameras and 24 hours electricity and 24 hours water Lift covered car parking and booking open.,2 Bds - 2 Ba - 950 ft2,"Sector 73, Noida, Uttar Pradesh, India",2022-07-24T16:23:58+0000,"₹ 27,00,000"
85000 santacruz,santacruz east,3 Bds - 3 Ba - 1200 ft2,"Santacruz East, Mumbai, Maharashtra, India",2022-07-24T16:23:43+0000,"₹ 85,000"
Aps muskan homes 3Bhk luxury flats@39 lakhs,"Aps muskan homes is a residential property with all modern amenities and facilities near metro station school hospitals etc and aps muskan homes with modular kitchen cupboards in one bedroom light and fans in all bedrooms cctv cameras and 24 hours electricity and 24 hours water Lift, 24 hours security.",3 Bds - 3 Ba - 596 ft2,"Sector 74, Noida, Uttar Pradesh, India",2022-07-24T16:23:35+0000,"₹ 39,00,000"
1BHK 14 LAKH | MM VALLEY | HAEVY DEPOSIT | MODULAR KITCHEN,Available 1BHK FOR HAEVY DEPOSIT IN  MM VALLEY TOWER  / TMC BUILDING  ASKING : - 14 LAKH    | MODULAR KITCHEN |   TO SEE THE FLAT CALL NOW.  MODERN REALTY,1 Bds - 1 Ba - 650 ft2,"Mumbra, Thane, Maharashtra, India",2022-07-24T16:23:23+0000,"₹ 14,00,000"
"For lease , semifurnished and newly painted house","0.5 km from thampanoor, well furnished   2bhk,hall, work area, kitchen and balcony , 2wheeler parking",2 Bds - 2 Ba - 3000 ft2,"Killipalam, Thiruvananthapuram, Kerala, India",2022-07-24T16:22:47+0000,"₹ 10,00,000"
House at housing board colony near big bazaar,3 bedroom 1 drawing room 1 dining room 1 puja room 2 kitchen 2 balconies 2 entrance 1 common staircase 1 covered open space 1 overhead tank 1 pump chamber 1 two wheeler parking 1 common dugwell well fitted with motor PhD line connected Fully furnished house with marbles and tiles,3 Bds - 2 Ba - 2000 ft2,"Modipada, Sambalpur, Odisha, India",2022-07-24T16:21:14+0000,"₹ 60,00,000"
Sale sale urgent,Urgent sell,3 Bds - 3 Ba - 990 ft2,"Banashankari Stage 2, Bengaluru, Karnataka, India",2022-07-24T16:21:13+0000,"₹ 56,99,999"
Sale.my.home,Houseforsale,1 Bds - 2 Ba - 20 ft2,"Khadak Pura, Kurnool, Andhra Pradesh, India",2022-07-24T16:20:42+0000,"₹ 12,00,000"
2 Bhk flat at Ground  with Covered car parking  with Hills View Flat,2 bhk big luxurious spacious furnished flat at barog Kumarhatti junction. One car parking. Hills view from balcony.,2 Bds - 2 Ba - 1200 ft2,"Barog Infill, Solan, Himachal Pradesh, India",2022-07-24T16:20:38+0000,"₹ 51,00,000"
Khalwara near phagwara,House under construction,,"Guru Teg Bahadur Nagar, Phagwara, Punjab, India",2022-07-24T16:20:31+0000,"₹ 8,00,000"
Pooja Properties & Construction,"# This house is in 555 SqFt. (61 Sqyd/Gaj) #22 Ft Wide Roads. #Temple, Park, School, Water tank, Electricity, Transport facility all are available in this society. #Home loan is also available from all leading banks.  •For more details/information, contact us.                             THANK YOU",2 Bds - 1 Ba - 555 ft2,"Jamalpur Kalan, Haridwar, Uttaranchal, India",2022-07-22T04:23:15+0000,"₹ 16,75,000"
3 Bhk & 4 Bhk Ultra Luxurious Flat Near Diamond Bourse & Metro Train,"3 Bhk & 4 Bhk Ultra Luxurious Flat Near Diamond Bourse & Metro Train Althan Bhimrad Cenal Road   0%   Brokerage   Amenities Large Garden Children Play Area Fire Fighting System Indior Game Multi-Purpose Court Grand Entrance Terrace Garden Fountain Generator Set Banquet Hall Jogging Track (Approx 450 MT.J Car Wash Area Intercom System  Unit Specifications  FLOORING ≈ Granamite Tiles/Vitrified Tiles ≈ Kota Stone Flooring in Wash With Tiles Dado (Up To Seal Level)  WINDOW  ≈ Anodizing Aluminum Section With Reflective/Sun Glass  BATHROOM ≈ Vitrified/Ceramic Tiles In Floor & Wall (Up To Lintel Level) With Standard Sanitary in All Bathroom.  KITCHEN ≈ L Shaped Granite Platform With S.S. Sink ≈ Designer Tiles Up To Lintel Level. ≈ Wash Basin In Common Area With Tiles Dado. ≈ Granamite / Kota Stone Rack With Tiles Dado in Store  DOOR ≈ Decorative Pinewood Main Door With Designer Laminate Along With Handle And Safety Lock ≈ Pinewood Flush Doors With Granite/Marble/Wooden Frame And Hardware Fittings  ENAMEL ≈ Well Finished Putty On Internal Walls In Flat ≈ Texture On External Wall Of The Building ≈ Water Paint Color In Common Areas.  PARKING ≈ Two Wheeler & Four Wheeler Parking On Ground & Basement. (Double Basement). ≈ 2 Cars Allotted Parking. ≈ No Parking Surrounding Ground Area.  PLUMBING ≈ CPVC/UPVC Plumbing & Drainage Piping ≈ Provision For Central Plumbing System For Hot Water In Each Flat.  ELECTRIFICATION ≈ Modular Switches. ≈ Concealed Circuit Wiring. ≈ M.C.B. In Individual Flat For Safety. ≈ Two Way Light & Fan Points. ≈ A.C. Points in Flats. ≈ Sufficient Points For T.V., Freeze, Washing Machine Etc.  HEIGHT Basement: 11 Feet. Ground Floor to 13 Floor: 10.30 Feet  Campus Features LIFT Two Automatic Lifts of Standard Company Each Building.  GENERATOR FACILITY Branded Silent Generator.  COMPOUND WALL Well Designed Compound Wall Around The Campus.  ROAD Well Designed Paver Block/RCC Road/ Stone Flooring  WATER TANK Common Underground (SMC) Water Tank & Overhead (SMC & Boing) Water Tank In Each Building.  TERRACE Terrace Slab With Roda Water Proofing And China Mosaic Water Proofing.  GARDEN Garden In C.O.P.  CONSTRUCTION Bricks Masonry. Use Sweet Water In Construction & Curing.  Safe Heaven Home TITLE Loanable Clear Title. Lift Licence. Registered Sale Deed For Individual Members Fire N.O.C. Building Use Permission Airport N.O.C. Environmental Clearance Approved. Rera Registered Project  The Strategic Location of Grandeur  Enjoy connectivity to all important places that add to your lifestyle and sustenance in more ways than one!  Schools Walking distance Brts Stand 0.50 km. Restaurants 0.50 km. Temple 0.50 km. Colleges 1.00 km. Garden 1.00 km. Hospitals 1.00 km. Malls 1.00 km. Diamond Bourse 4.00 km. Multiplexes 4.50 km. Airport 7.00 km. Textile Market 7.00 km.",3 Bds - 3 Ba - 1770 ft2,"Althan, Surat, Gujarat, India",2022-06-26T11:54:50+0000,"₹ 80,00,000"
Ro house sale radha swami road,Very good house for sale,2 Bds - 2 Ba - 120 ft2,"Ranip, Ahmedabad, Gujarat, India",2022-06-30T06:56:00+0000,"₹ 65,00,000"
Jalaram contruction,4bhk duplex near dmart vasiyar road valsad,4 Bds - 3 Ba - 2100 ft2,"Kolsi Faliya, Valsad, Gujarat, India",2022-07-24T16:20:30+0000,"₹ 55,00,000"
2bhk 3bhk Flats Available Dewas Bypaas A B Road indore,A B Road ki Prime location par apj Abdul Kalam University ke paas Flats Available hai  Jisme aapko  Apartment facilities :- Full Luxury flats 24*7 Light water lift security guard Tample club sweeming pool and sampurn Covered Camus. Amineties-: Apj abdul kalam university  Emrald Height international School Around 2.5 km Dps School Decathlon Sports Club  Best price flip cart  A b road and bypass road indore,2 Bds - 2 Ba - 1164 ft2,"AB Bypass Road, Indore, Madhya Pradesh, India",2022-07-24T16:20:03+0000,"₹ 34,92,000"
Well maintained and well furnished house,"150 Sq yard Ground floor 2 bedrooms, one living room, one drawing room, two bathrooms , one kitchen, parking area. First floor One room with balcony and boundry wall",3 Bds - 2 Ba - 1350 ft2,"Jamalpur, Aligarh, Uttar Pradesh, India",2022-07-24T16:19:38+0000,"₹ 70,00,000"
1200 sqr house in 17 cent,‘Immediate sale,2 Bds - 3 Ba - 1200 ft2,"Mannarkad 2, Mannarkad I, Kerala, India",2022-07-24T16:18:36+0000,"₹ 26,00,000"
1bhk tenament,Tenament  house,1 Bds - 1 Ba - 1000 ft2,"Sayaji Township Road, Vadodara, Gujarat, India",2022-07-24T16:18:12+0000,"₹ 60,00,000"
Hindi aur English,2bhk 3bhk 4bhk falet,3 Bds - 2 Ba - 1300 ft2,"200ft by pass, Jaipur, Rajasthan, India",2022-07-24T16:17:06+0000,"₹ 45,00,000"
Individual house in Choolaimedu - Near Annanedumpathai gillnagar,"Individual house in Choolaimedu - Near Annanedumpathai, gillnagar.  Old building, total land as per document is 2020 sq. ft.  But totally 2150 sq. ft. available as per measurement.  Frontage : 39.5 Length: 55.5 Price: 2.95 crores (Negotiable)   Direct owner sale. Agents, kindly excuse.",,"Choolaimedu Kamaraj Nagar, Chennai, Tamil Nadu, India",2022-07-24T16:16:35+0000,"₹ 2,95,00,000"
Shamshabad - weekend Villa cotteges,Weekend Villa cotteges Super Gated community 58 Acres Rera approved Project Construction Started                  LOCATION:      SHAD NAGAR - BALA NAGAR   Close to Rajiv Gandhi international airport  58 Acres 330 Beautiful Cottage Villas Weekend Villas  Plot size 330 yards - 500 Sft villa Cottage Plot size 330 yards - 500 Sft villa Cottage. 440 yards - 550 sft Villa cittege Plot size 660 yards - 650 Sft villa Cottage Plot size 770 yards - 750 Sft villa Cottage Club House swimming pool Gated amenities,1 Bds - 1 Ba - 660 ft2,"Rajiv Gandhi International Airport, Hyderabad, Telangana, India",2022-07-24T16:16:25+0000,"₹ 44,00,000"
ALUVA VAZHAKULAM 3.800cent 1550sqft,"New beautiful house for sale at 3.800cent 1550sqft 3bedroom with attached bathroom Cupboard work facilities available Good well water  Easy access to bus stop 1km Raja giri hospital, Aluva railway station Price 65lakh Price negotiable Loan facilities available FOR more details call me 9️⃣9️⃣4️⃣6️⃣3️⃣2️⃣2️⃣1️⃣6️⃣7️⃣",3 Bds - 3 Ba - 1550 ft2,"Kakkanad, Kochi, Kerala, India",2022-07-24T16:16:25+0000,"₹ 65,00,000"
4BHK LUXURY INDEPENDENT VILLAS HOUSE PEROORKADA,EXCELLENT BRAND NEW PREMIUM QUALITY LUXURY READY TO OCCUPY BEAUTIFUL 100% INDEPENDENT GATED PROPERTY VILLAS HOUSE AVAILABLE AT PEROORKADA JN  GENUINE BUYERS ONLY PLEASE CALL ME BROKERS PLEASE EXCUSE  FILLY RED BREAK USED CONSTRUCTION WORK  TOTAL 9 BEAUTIFUL INDEPENDENT VILLAS HOUSE PROJECT ONLY 1 BEAUTIFUL 4BHK INDEPENDENT VILLAS HOUSE AVAILABLE  ONLY ONE 4BHK BEAUTIFUL SPACIOUS INDEPENDENT VILLAS HOUSE AVAILABLE  PRICE  4BHK 3100 SQFT AREA 6.640 CENT LAND AREA 4 SPACIOUS CAR PARKING SPACE AVAILABLE PRICE . 19000000 . CRORE AMOUNT. 1.90. CRORE PRICE NEGOTIABLE  VERY SPACIOUS BEDROOMS VERY SPACIOUS BATHROOMS ALL BEDROOMS ATTACHED BATHROOMS VERY SPACIOUS SITOUT VERY SPACIOUS LIVING AREA AND DINING AREA VERY SPACIOUS BEAUTIFUL MODERN MODULAR KITCHEN AND WORK AREA SPACE AVAILABLE VERY SPACIOUS BEAUTIFUL BALCONY VERY SPACIOUS BEAUTIFUL KITCHEN CUPBOARD AND BEDROOMS CUPBOARD VERY SPACIOUS BEAUTIFUL 4 CAR PARKING SPACE AVAILABLE VERY BEAUTIFUL GARDEN AND LANDSCAPING VERY COSTLY VITRIFIED RAK TILE FLOORING VERY COSTLY PLUMBING WORKS AND SANITARY FITTINGS JAGUAR AND RAK FITTINGS VERY COSTLY 3 FACE ELECTRIC WIRING AND 3 FACE ELECTRICITY CONNECTION FACILITY AVAILABLE 24 HOURS ELECTRICITY AND CORPORATION WATER ( KWA ) CONNECTION FACILITY AVAILABLE VERY CLEAN AND SILENT BEAUTIFUL VVIP RESIDENTIAL AREA FULLY COMPOUND WALL AND INDEPENDENT GATED PROPERTY VILLAS HOUSE  VERY NEAR TO MAJOR SCHOOL AND COLLEGE HOSPITAL BANK SUPER MARKET ATM ETC  LORRY ACCESS PLOT TAR ROAD FRONTAGE ORIGINAL DRY LAND KARA BHOOMI  PRICE  4BHK 3100 SQFT AREA 6.640 CENT LAND AREA 4 SPACIOUS CAR PARKING SPACE AVAILABLE AMOUNT.19000000 . CRORE PRICE. 1.90 CRORE PRICE NEGOTIABLE  GENUINE BUYERS ONLY PLEASE CALL ME BROKERS PLEASE EXCUSE,4 Bds - 4 Ba - 3100 ft2,"Kowdiar, Thiruvananthapuram, Kerala, India",2022-07-24T16:16:24+0000,"₹ 1,80,00,000"
"Flat For Sale At Madhyamgram, Near Airport, Kolkata.","BHK – 1,2 BHK 1bhk - 455 sbu - ground floor 2bhk 879 sbu - 1st floor and 3rd floor 888 sbu - 3rd top floor  886 - ground floor (2 units) 892 - 1st floor Total 5 flats on each floor Total 6 flats on ground floor Parking available, G+3 , Total flats 36, Total tower 2, Block A - 15 flats, Block B - 21 flats.",2 Bds - 2 Ba - 892 ft2,"Madhyamgram, Kolkata, West Bengal, India",2022-07-24T16:16:23+0000,"₹ 27,99,996"
KOWDIER PEROORKADA 6BHK 16 CENT 5500 SQFT LUXURY SPACIOUS POSH HOUSE,KOWDIER PEROORKADA 6BHK 16 CENT 5500 SQFT POSH LUXURY PREMIUM QUALITY BEAUTIFUL EXCELLENT SPACIOUS INDEPENDENT GATED PROPERTY HOUSE READY TO OCCUPY 6 TO 10 CAR PARKING SPACE AVAILABLE  VERY GOOD INVESTMENTS ALSO  FULLY RED BREAK USED CONSTRUCTION WORK  FULLY TEAKWOOD WOOD WORKS FINISHING  VERY BEAUTIFUL GARDEN AND LANDSCAPING  GENUINE BUYERS ONLY PLEASE CALL ME BROKERS PLEASE EXCUSE  VERY SPACIOUS 6 BEDROOMS VERY SPACIOUS 8 BATHROOMS ALL BEDROOMS ATTACHED BATHROOMS VERY SPACIOUS LIVING AREA AND DINING AREA VERY SPACIOUS BEAUTIFUL SITOUT VERY SPACIOUS BEAUTIFUL MODERN MODULAR KITCHEN AND WORK AREA SPACE AVAILABLE VERY SPACIOUS BEAUTIFUL 8 TO 10 SPACIOUS CAR PARKING SPACE AVAILABLE VERY COSTLY VITRIFIED RAK TILE FLOORING  VERY SPACIOUS BEAUTIFUL BALCONY  VERY COSTLY PLUMBING WORKS AND SANITARY FITTINGS JAGUAR AND RAK FITTINGS  VERY SPACIOUS BEAUTIFUL KITCHEN CUPBOARD AND BEDROOMS CUPBOARD FULLY TEAK WOOD WOOD WORKS FINISHING  VERY COSTLY 3 FACE ELECTRIC WIRING AND 3 FACE ELECTRICITY CONNECTION FACILITY AVAILABLE 24 HOURS ELECTRICITY AND CORPORATION WATER CONNECTION FACILITY AVAILABLE  VERY BEAUTIFUL OPEN WELL ( WATER ALSO ) AVAILABLE  VERY BEAUTIFUL GARDEN AND LANDSCAPING  FILLY COMPOUND WALL AND INDEPENDENT GATED PROPERTY BEAUTIFUL HOUSE  VERY CLEAN AND SILENT BEAUTIFUL VVIP RESIDENTIAL AREA  VERY NEAR TO MAJOR SCHOOL AND COLLEGE HOSPITAL BANK SUPERMARKET ATM ETC  LORRY ACCESS PLOT TAR ROAD FRONTAGE ORGINAL DRY LAND KARA BHOOMI  AMOUNT. 33000000 .CRORE PRICE. 3.30 CRORE PRICE NEGOTIABLE  BROKERS PLEASE EXCUSE GENUINE BUYERS ONLY PLEASE CALL ME  BROKERS PLEASE EXCUSE,4+ Bds - 4+ Ba - 5500 ft2,"Pattom, Thiruvananthapuram, Kerala, India",2022-07-24T16:16:23+0000,"₹ 3,30,00,000"
"No brokerage, 50% stamp duty, GST 50%","Pinnacolo NX is a project by SKD Realty LLP in Mumbai.  Pinnacolo NX offers some of the most conveniently designed Apartment.  Pinnacolo NX offers some of the most exclusive 1 BHK, 2 BHK Pinnacolo NX is Near Gaurav Residency Phase 2,RBK School Lane, Beverly Park, Mira Road East.  Pinnacolo NX ensures a coveted lifestyle and offers a convenient living. It offers facilities such as Gymnasium. Residents can also enjoy Air Conditioned provisions in the project.",1 Bds - 2 Ba - 715 ft2,"Mira Road East, Mumbai, Maharashtra, India",2022-07-24T16:16:21+0000,"₹ 58,50,000"
2 BHK Flat on 60 ft. Road | 90% Loan Available | Ready to Move,Luxury 2 BHK Flat in Gated Society | DLF Ankur Vihar | 90% Loan Available | Near School | Near Park | 24 Hours Water | Wide Road | Near Metro | Near ISBT,2 Bds - 2 Ba - 700 ft2,"DLF Ankur Vihar, Loni, Uttar Pradesh, India",2022-07-24T16:16:21+0000,"₹ 15,25,000"
"50 cents 10000 sqft Posh Bungalow in Tvm, Kerala,8 bedroom 12 bathroom",Big house in Thiruvananthapuram All facilities available Asking price 20cr negotiable Please call me or what s app me for more details,4+ Bds - 4+ Ba - 10000 ft2,"Sasthamangalam, Thiruvananthapuram, Kerala, India",2022-07-24T16:16:21+0000,"₹ 16,00,00,000"
Budget home vazhayila sixth stone,"പുതുമകൾ നിറഞ്ഞ മനോഹരമായ ഇരുനില വീട് വഴയില ആറാം കല്ല് main road 300meter  3BHK Independent villa for sale. Great Location:Vazhayila sixth stone  All Facilities 2100sqft  3 Bed room  3 Bathroom  Balcony modular Kitchen Dinning Hall Living Room   Kwa Water  Compound wall with gate  semi- Furnished  Smart Home  Major  School, Colleges, Hospital, Govt Offices Etc nearby   75% Loan available",3 Bds - 3 Ba - 0 ft2,"Peroorkada, Thiruvananthapuram, Kerala, India",2022-07-24T16:16:20+0000,"₹ 88,00,000"
New house sale near pothencode,Near pothencode new house sale 6 ceny,3 Bds - 3 Ba - 1600 ft2,"Kazhakoottam, Thiruvananthapuram, Kerala, India",2022-07-24T16:16:19+0000,"₹ 59,00,000"
