Rank,Movie Name,Movie Link,Movie Year,Movie TMeter,Movie Synopsis,Movie Cast,Movie Director
1,12 Angry Men,https://www.rottentomatoes.com/m/1000013_12_angry_men,(1957),100%,"Synopsis: Following the closing arguments in a murder trial, the 12 members of the jury must deliberate, with a guilty verdict... [More]","'Henry Fonda', 'Lee J. Cobb', 'Ed Begley', 'E.G. Marshall'",'Sidney Lumet'
2,2001: A Space Odyssey,https://www.rottentomatoes.com/m/2001_a_space_odyssey,(1968),92%,Synopsis: An imposing black structure provides a connection between the past and the future in this enigmatic adaptation of a short... [More],"'Keir Dullea', 'Gary Lockwood', 'William Sylvester', 'Daniel Richter'",'Stanley Kubrick'
3,The 400 Blows,https://www.rottentomatoes.com/m/400_blows,(1959),99%,"Synopsis: For young Parisian boy Antoine Doinel (Jean-Pierre Léaud), life is one difficult situation after another. Surrounded by inconsiderate adults, including... [More]","'Jean-Pierre Léaud', 'Claire Maurier', 'Albert Remy', 'Guy Decomble'",'François Truffaut'
4,"The Adventures of Priscilla, Queen of the Desert",https://www.rottentomatoes.com/m/adventures_of_priscilla_queen_of_the_desert,(1994),94%,"Synopsis: When drag queen Anthony (Hugo Weaving) agrees to take his act on the road, he invites fellow cross-dresser Adam (Guy... [More]","'Terence Stamp', 'Hugo Weaving', 'Guy Pearce', 'Bill Hunter'",'Stephan Elliott'
5,The Adventures of Robin Hood,https://www.rottentomatoes.com/m/1000355-adventures_of_robin_hood,(1938),100%,"Synopsis: When King Richard the Lionheart is captured, his scheming brother Prince John (Claude Rains) plots to reach the throne, to... [More]","'Errol Flynn', 'Olivia de Havilland', 'Basil Rathbone', 'Claude Rains'","'Michael Curtiz', 'William Keighley'"
6,Aguirre: The Wrath of God,https://www.rottentomatoes.com/m/aguirre_the_wrath_of_god,(1972),96%,"Synopsis: Don Lope de Aguirre (Klaus Kinski), a ruthless Spanish conquistador, vies for power while part of an expedition in Peru... [More]","'Klaus Kinski', 'Ruy Guerra', 'Helena Rojo', 'Del Negro'",'Werner Herzog'
7,Airplane!,https://www.rottentomatoes.com/m/airplane,(1980),97%,Synopsis: This spoof comedy takes shots at the slew of disaster movies that were released in the 70s. When the passengers... [More],"'Robert Hays', 'Julie Hagerty', 'Peter Graves', 'Robert Stack'","'Jim Abrahams', 'David Zucker', 'Jerry Zucker'"
8,Akira,https://www.rottentomatoes.com/m/akira,(1988),90%,"Synopsis: In 1988 the Japanese government drops an atomic bomb on Tokyo after ESP experiments on children go awry. In 2019,... [More]","'Mitsuo Iwata', 'Nozomu Sasaki', 'Mami Koyama', 'Tessho Genda'",'Katsuhiro Ôtomo'
9,Alien,https://www.rottentomatoes.com/m/alien,(1979),98%,"Synopsis: In deep space, the crew of the commercial starship Nostromo is awakened from their cryo-sleep capsules halfway through their journey... [More]","'Tom Skerritt', 'Sigourney Weaver', 'John Hurt', 'Veronica Cartwright'",'Ridley Scott'
10,Aliens,https://www.rottentomatoes.com/m/1000617-aliens,(1986),98%,"Synopsis: After floating in space for 57 years, Lt. Ripley's (Sigourney Weaver) shuttle is found by a deep space salvage team.... [More]","'Sigourney Weaver', 'Carrie Henn', 'Michael Biehn', 'Paul Reiser'",'James Cameron'
11,All About Eve,https://www.rottentomatoes.com/m/1000626-all_about_eve,(1950),99%,"Synopsis: Backstage story revolving around aspiring actress Eve Harrington. Tattered and forlorn, Eve shows up in the dressing room of Broadway... [More]","'Bette Davis', 'Anne Baxter', 'Celeste Holm', 'George Sanders'",'Joseph L. Mankiewicz'
12,All About My Mother,https://www.rottentomatoes.com/m/all_about_my_mother,(1999),98%,Synopsis: A Greek saying states that only women who have washed their eyes with tears can see clearly. This saying does... [More],"'Cecilia Roth', 'Eloy Azorín', 'Marisa Paredes', 'Penélope Cruz'",'Pedro Almodóvar'
13,All the President's Men,https://www.rottentomatoes.com/m/all_the_presidents_men,(1976),94%,"Synopsis: Two green reporters and rivals working for the Washington Post, Bob Woodward (Robert Redford) and Carl Bernstein (Dustin Hoffman), research... [More]","'Robert Redford', 'Dustin Hoffman', 'Jack Warden', 'Martin Balsam'",'Alan J. Pakula'
14,Almost Famous,https://www.rottentomatoes.com/m/almost_famous,(2000),89%,"Synopsis: Set in 1973, it chronicles the funny and often poignant coming of age of 15-year-old William, an unabashed music fan... [More]","'Billy Crudup', 'Frances McDormand', 'Kate Hudson', 'Jason Lee'",'Cameron Crowe'
15,Amadeus,https://www.rottentomatoes.com/m/amadeus,(1984),89%,Synopsis: Wolfgang Amadeus Mozart (Tom Hulce) is a remarkably talented young Viennese composer who unwittingly finds a fierce rival in the... [More],"'F. Murray Abraham', 'Tom Hulce', 'Jeffrey Jones', 'Elizabeth Berridge'",'Milos Forman'
16,Amélie,https://www.rottentomatoes.com/m/amelie,(2001),89%,"Synopsis: ""Amélie"" is a fanciful comedy about a young woman who discretely orchestrates the lives of the people around her, creating... [More]","'Audrey Tautou', 'Mathieu Kassovitz', 'Rufus', 'Yolande Moreau'",'Jean-Pierre Jeunet'
17,Amour,https://www.rottentomatoes.com/m/amour_2013,(2012),93%,Synopsis: Retired music teachers Georges (Jean-Louis Trintignant) and Anne (Emmanuelle Riva) have spent their lives devoted to their careers and to... [More],"'Jean-Louis Trintignant', 'Emmanuelle Riva', 'Isabelle Huppert', 'Alexandre Tharaud'",'Michael Haneke'
18,An American in Paris,https://www.rottentomatoes.com/m/american_in_paris,(1951),96%,"Synopsis: Jerry Mulligan (Gene Kelly) is an American ex-GI who stays in post-war Paris to become a painter, and falls for... [More]","'Gene Kelly', 'Leslie Caron', 'Oscar Levant', 'Georges Guétary'",'Vincente Minnelli'
19,Annie Hall,https://www.rottentomatoes.com/m/annie_hall,(1977),97%,Synopsis: Comedian Alvy Singer (Woody Allen) examines the rise and fall of his relationship with struggling nightclub singer Annie Hall (Diane... [More],"'Woody Allen', 'Diane Keaton', 'Tony Roberts', 'Carol Kane'",'Woody Allen'
20,The Apartment,https://www.rottentomatoes.com/m/1001115-apartment,(1960),94%,Synopsis: Insurance worker C.C. Baxter (Jack Lemmon) lends his Upper West Side apartment to company bosses to use for extramarital affairs.... [More],"'Jack Lemmon', 'Shirley MacLaine', 'Fred MacMurray', 'Ray Walston'",'Billy Wilder'
21,Apocalypse Now,https://www.rottentomatoes.com/m/apocalypse_now,(1979),98%,"Synopsis: In Vietnam in 1970, Captain Willard (Martin Sheen) takes a perilous and increasingly hallucinatory journey upriver to find and terminate... [More]","'Marlon Brando', 'Martin Sheen', 'Robert Duvall', 'Frederic Forrest'",'Francis Ford Coppola'
22,Avengers: Endgame,https://www.rottentomatoes.com/m/avengers_endgame,(2019),94%,"Synopsis: Adrift in space with no food or water, Tony Stark sends a message to Pepper Potts as his oxygen supply... [More]","'Robert Downey Jr.', 'Chris Evans', 'Mark Ruffalo', 'Chris Hemsworth'","'Anthony Russo', 'Joe Russo'"
23,Back to the Future,https://www.rottentomatoes.com/m/back_to_the_future,(1985),97%,"Synopsis: In this 1980s sci-fi classic, small-town California teen Marty McFly (Michael J. Fox) is thrown back into the '50s when... [More]","'Michael J. Fox', 'Christopher Lloyd', 'Crispin Glover', 'Lea Thompson'",'Robert Zemeckis'
24,Badlands,https://www.rottentomatoes.com/m/badlands,(1973),97%,"Synopsis: Inspired by real-life killers Charles Starkweather and Caril-Ann Fugate, this tale of crime and love begins in a dead-end town.... [More]","'Martin Sheen', 'Sissy Spacek', 'Warren Oates', 'Ramon Bieri'",'Terrence Malick'
25,Beauty and the Beast,https://www.rottentomatoes.com/m/beauty_and_the_beast_1991,(1991),94%,"Synopsis: An arrogant young prince (Robby Benson) and his castle's servants fall under the spell of a wicked enchantress, who turns... [More]","""Paige O'Hara"", 'Robby Benson', 'Richard White', 'Jerry Orbach'","'Gary Trousdale', 'Kirk Wise'"
26,Being John Malkovich,https://www.rottentomatoes.com/m/being_john_malkovich,(1999),94%,"Synopsis: In this quirky cult-favorite comedy, unemployed New York City puppeteer Craig Schwartz (John Cusack) reluctantly takes a temp job as... [More]","'John Cusack', 'Cameron Diaz', 'Catherine Keener', 'Orson Bean'",'Spike Jonze'
27,Being There,https://www.rottentomatoes.com/m/being_there,(1979),95%,"Synopsis: Simple-minded Chance (Peter Sellers), a gardener who has resided in the Washington, D.C., townhouse of his wealthy employer for his... [More]","'Peter Sellers', 'Shirley MacLaine', 'Jack Warden', 'Melvyn Douglas'",'Hal Ashby'
28,The Best Years of Our Lives,https://www.rottentomatoes.com/m/best_years_of_our_lives,(1946),98%,"Synopsis: Fred, Al and Homer are three World War II veterans facing difficulties as they re-enter civilian life. Fred (Dana Andrews)... [More]","'Fredric March', 'Myrna Loy', 'Dana Andrews', 'Teresa Wright'",'William Wyler'
29,Better Luck Tomorrow,https://www.rottentomatoes.com/m/better_luck_tomorrow,(2002),81%,"Synopsis: An accomplished high school student, Ben (Parry Shen) seems to excel at almost everything except winning over his dream girl,... [More]","'Parry Shen', 'Jason Tobin', 'Sung Kang', 'Roger Fan'",'Justin Lin'
30,Bicycle Thieves,https://www.rottentomatoes.com/m/bicycle_thieves,(1948),99%,"Synopsis: Unemployed Antonio Ricci (Lamberto Maggiorani) is elated when he finally finds work hanging posters around war-torn Rome. His wife, Maria... [More]","'Lamberto Maggiorani', 'Lianella Carell', 'Enzo Staiola', 'Elena Altieri'",'Vittorio De Sica'
31,The Big Lebowski,https://www.rottentomatoes.com/m/the_big_lebowski,(1998),83%,"Synopsis: Jeff Bridges plays Jeff Lebowski who insists on being called ""the Dude,"" a laid-back, easygoing burnout who happens to have... [More]","'Jeff Bridges', 'John Goodman', 'Julianne Moore', 'Steve Buscemi'",'Joel Coen'
32,The Big Sick,https://www.rottentomatoes.com/m/the_big_sick,(2017),98%,"Synopsis: Kumail is a Pakistani comic, who meets an American graduate student named Emily at one of his stand-up shows. As... [More]","'Kumail Nanjiani', 'Zoe Kazan', 'Holly Hunter', 'Ray Romano'",'Michael Showalter'
33,Birdman or (The Unexpected Virtue of Ignorance),https://www.rottentomatoes.com/m/birdman_2014,(2014),91%,Synopsis: Former cinema superhero Riggan Thomson (Michael Keaton) is mounting an ambitious Broadway production that he hopes will breathe new life... [More],"'Michael Keaton', 'Zach Galifianakis', 'Edward Norton', 'Andrea Riseborough'",'Alejandro González Iñárritu'
34,Black Hawk Down,https://www.rottentomatoes.com/m/black_hawk_down,(2001),77%,Synopsis: The film takes place in 1993 when the U.S. sent special forces into Somalia to destabilize the government and bring... [More],"'Josh Hartnett', 'Ewan McGregor', 'Tom Sizemore', 'Eric Bana'",'Ridley Scott'
35,Black Orpheus,https://www.rottentomatoes.com/m/black_orpheus,(1959),87%,"Synopsis: Young lovers Orfeu (Breno Mello) and Eurydice (Marpessa Dawn) run through the favelas of Rio during Carnaval, on the lam... [More]","'Breno Mello', 'Marpessa Dawn', 'Lourdes de Oliveira', 'Léa Garcia'",'Marcel Camus'
36,Black Panther,https://www.rottentomatoes.com/m/black_panther_2018,(2018),96%,"Synopsis: After the death of his father, T'Challa returns home to the African nation of Wakanda to take his rightful place... [More]","'Chadwick Boseman', 'Michael B. Jordan', ""Lupita Nyong'o"", 'Danai Gurira'",'Ryan Coogler'
37,Blade Runner,https://www.rottentomatoes.com/m/blade_runner,(1982),89%,Synopsis: Deckard (Harrison Ford) is forced by the police Boss (M. Emmet Walsh) to continue his old job as Replicant Hunter.... [More],"'Harrison Ford', 'Rutger Hauer', 'Sean Young', 'Edward James Olmos'",'Ridley Scott'
38,Blazing Saddles,https://www.rottentomatoes.com/m/blazing_saddles,(1974),89%,"Synopsis: In this satirical take on Westerns, crafty railroad worker Bart (Cleavon Little) becomes the first black sheriff of Rock Ridge,... [More]","'Cleavon Little', 'Gene Wilder', 'Madeline Kahn', 'Slim Pickens'",'Mel Brooks'
39,Boogie Nights,https://www.rottentomatoes.com/m/boogie_nights,(1997),93%,"Synopsis: In the San Fernando Valley in 1977, teenage busboy Eddie Adams (Mark Wahlberg) gets discovered by porn director Jack Horner... [More]","'Mark Wahlberg', 'Burt Reynolds', 'Julianne Moore', 'John C. Reilly'",'Paul Thomas Anderson'
40,Boys Don't Cry,https://www.rottentomatoes.com/m/boys_dont_cry,(1999),90%,Synopsis: Young female-to-male transgender Brandon Teena (Hilary Swank) leaves his hometown under threat when his ex-girlfriend's brother discovers that he's biologically... [More],"'Hilary Swank', 'Chloë Sevigny', 'Peter Sarsgaard', 'Brendan Sexton III'",'Kimberly Peirce'
41,Boyz N the Hood,https://www.rottentomatoes.com/m/boyz_n_the_hood,(1991),96%,"Synopsis: Tre (Cuba Gooding Jr.) is sent to live with his father, Furious Styles (Larry Fishburne), in tough South Central Los... [More]","'Larry Fishburne', 'Ice Cube', 'Cuba Gooding Jr.', 'Nia Long'",'John Singleton'
42,The Breakfast Club,https://www.rottentomatoes.com/m/breakfast_club,(1985),89%,Synopsis: Five high school students from different walks of life endure a Saturday detention under a power-hungry principal (Paul Gleason). The... [More],"'Emilio Estevez', 'Molly Ringwald', 'Judd Nelson', 'Paul Gleason'",'John Hughes'
43,Breathless,https://www.rottentomatoes.com/m/breathless,(1959),97%,"Synopsis: Petty thug Michel (Jean-Paul Belmondo) considers himself a suave bad guy in the manner of Humphrey Bogart, but panics and... [More]","'Jean-Paul Belmondo', 'Jean Seberg', 'Daniel Boulanger', 'Jean-Pierre Melville'",'Jean-Luc Godard'
44,Bridesmaids,https://www.rottentomatoes.com/m/bridesmaids_2011,(2011),90%,"Synopsis: Annie (Kristen Wiig) is a single woman whose own life is a mess, but when she learns that her lifelong... [More]","'Kristen Wiig', 'Maya Rudolph', 'Rose Byrne', 'Ellie Kemper'",'Paul Feig'
45,The Bridge on the River Kwai,https://www.rottentomatoes.com/m/bridge_on_the_river_kwai,(1957),96%,Synopsis: Adaptation of the Pierre Bouelle novel about POWs in Burma forced to build a bridge to aid the war effort... [More],"'William Holden', 'Alec Guinness', 'Sessue Hayakawa', 'Jack Hawkins'",'David Lean'
46,Bridget Jones's Diary,https://www.rottentomatoes.com/m/bridget_jones_diary,(2001),80%,"Synopsis: At the start of the New Year, 32-year-old Bridget (Renée Zellweger) decides it's time to take control of her life... [More]","'Renée Zellweger', 'Colin Firth', 'Hugh Grant', 'Gemma Jones'",'Sharon Maguire'
47,Broadcast News,https://www.rottentomatoes.com/m/broadcast_news,(1987),98%,Synopsis: Intelligent satire of American television news. A highly strung news producer finds herself strangely attracted to a vapid anchorman even... [More],"'William Hurt', 'Albert Brooks', 'Holly Hunter', 'Robert Prosky'",'James L. Brooks'
48,Brokeback Mountain,https://www.rottentomatoes.com/m/brokeback_mountain,(2005),88%,"Synopsis: In 1963, rodeo cowboy Jack Twist (Jake Gyllenhaal) and ranch hand Ennis Del Mar (Heath Ledger) are hired by rancher... [More]","'Heath Ledger', 'Jake Gyllenhaal', 'Linda Cardellini', 'Anna Faris'",'Ang Lee'
49,Butch Cassidy and the Sundance Kid,https://www.rottentomatoes.com/m/1003318-butch_cassidy_and_the_sundance_kid,(1969),89%,"Synopsis: The true story of fast-draws and wild rides, battles with posses, train and bank robberies, a torrid love affair and... [More]","'Paul Newman', 'Robert Redford', 'Katharine Ross', 'Strother Martin'",'George Roy Hill'
50,Cabaret,https://www.rottentomatoes.com/m/cabaret,(1972),94%,"Synopsis: In Berlin in 1931, American cabaret singer Sally Bowles (Liza Minnelli) meets British academic Brian Roberts (Michael York), who is... [More]","'Liza Minnelli', 'Joel Grey', 'Michael York', 'Helmut Griem'",'Bob Fosse'
51,The Cabinet of Dr. Caligari,https://www.rottentomatoes.com/m/the_cabinet_of_dr_caligari,(1919),99%,"Synopsis: At a carnival in Germany, Francis (Friedrich Feher) and his friend Alan (Rudolf Lettinger) encounter the crazed Dr. Caligari (Werner... [More]","'Werner Krauss', 'Conrad Veidt', 'Lil Dagover', 'Friedrich Feher'",'Robert Wiene'
52,Call Me by Your Name,https://www.rottentomatoes.com/m/call_me_by_your_name,(2017),94%,"Synopsis: It's the summer of 1983, and precocious 17-year-old Elio Perlman is spending the days with his family at their 17th-century... [More]","'Armie Hammer', 'Timothée Chalamet', 'Michael Stuhlbarg', 'Amira Casar'",'Luca Guadagnino'
53,Carol,https://www.rottentomatoes.com/m/carol,(2015),94%,"Synopsis: Therese Belivet (Rooney Mara) spots the beautiful, elegant Carol (Cate Blanchett) perusing the doll displays in a 1950s Manhattan department... [More]","'Cate Blanchett', 'Rooney Mara', 'Sarah Paulson', 'Jake Lacy'",'Todd Haynes'
54,Casablanca,https://www.rottentomatoes.com/m/1003707-casablanca,(1942),99%,"Synopsis: Rick Blaine (Humphrey Bogart), who owns a nightclub in Casablanca, discovers his old flame Ilsa (Ingrid Bergman) is in town... [More]","'Humphrey Bogart', 'Ingrid Bergman', 'Paul Henreid', 'Claude Rains'",'Michael Curtiz'
55,Casino Royale,https://www.rottentomatoes.com/m/casino_royale,(2006),94%,"Synopsis: After receiving a license to kill, British Secret Service agent James Bond (Daniel Craig) heads to Madagascar, where he uncovers... [More]","'Daniel Craig', 'Eva Green', 'Mads Mikkelsen', 'Judi Dench'",'Martin Campbell'
56,Children of Men,https://www.rottentomatoes.com/m/children_of_men,(2006),92%,"Synopsis: When infertility threatens mankind with extinction and the last child born has perished, a disillusioned bureaucrat (Clive Owen) becomes the... [More]","'Clive Owen', 'Julianne Moore', 'Michael Caine', 'Chiwetel Ejiofor'",'Alfonso Cuarón'
57,Chinatown,https://www.rottentomatoes.com/m/chinatown,(1974),99%,"Synopsis: When Los Angeles private eye J.J. ""Jake"" Gittes (Jack Nicholson) is hired by Evelyn Mulwray to investigate her husband's activities,... [More]","'Jack Nicholson', 'Faye Dunaway', 'John Huston', 'Perry Lopez'",'Roman Polanski'
58,City of God,https://www.rottentomatoes.com/m/city_of_god,(2002),91%,"Synopsis: In the poverty-stricken favelas of Rio de Janeiro in the 1970s, two young men choose different paths. Rocket (Phellipe Haagensen)... [More]","'Alexandre Rodrigues', 'Leandro Firmino da Hora', 'Phellipe Haagensen', 'Douglas Silva'",'Fernando Meirelles'
59,Nuovo Cinema Paradiso,https://www.rottentomatoes.com/m/cinema_paradiso,(1988),90%,Synopsis: Young Salvatore Di Vita (Salvatore Cascio) discovers the perfect escape from life in his war-torn Sicilian village: the Cinema Paradiso... [More],"'Salvatore Cascio', 'Philippe Noiret', 'Marco Leonardi', 'Jacques Perrin'",'Giuseppe Tornatore'
60,Citizen Kane,https://www.rottentomatoes.com/m/citizen_kane,(1941),99%,"Synopsis: When a reporter is assigned to decipher newspaper magnate Charles Foster Kane's (Orson Welles) dying words, his investigation gradually reveals... [More]","'Orson Welles', 'Joseph Cotten', 'Ruth Warrick', 'Everett Sloane'",'Orson Welles'
61,City Lights,https://www.rottentomatoes.com/m/city_lights,(1931),97%,Synopsis: A hapless but resilient tramp (Charlie Chaplin) falls in love with a blind flower girl (Virginia Cherrill) on the tough... [More],"'Charlie Chaplin', 'Virginia Cherrill', 'Harry Myers', 'Hank Mann'",'Charles Chaplin'
62,Clerks,https://www.rottentomatoes.com/m/clerks,(1994),90%,Synopsis: Dante (Brian O'Halloran) is called in to cover a shift at his New Jersey convenience store on his day off.... [More],"""Brian O'Halloran"", 'Jeff Anderson', 'Marilyn Ghigliotti', 'Lisa Spoonhauer'",'Kevin Smith'
63,A Clockwork Orange,https://www.rottentomatoes.com/m/clockwork_orange,(1971),87%,"Synopsis: In an England of the future, Alex (Malcolm McDowell) and his ""Droogs"" spend their nights getting high at the Korova... [More]","'Malcolm McDowell', 'Patrick Magee', 'Michael Bates', 'Warren Clarke'",'Stanley Kubrick'
64,Clueless,https://www.rottentomatoes.com/m/clueless,(1995),81%,"Synopsis: Shallow, rich and socially successful Cher (Alicia Silverstone) is at the top of her Beverly Hills high school's pecking scale.... [More]","'Alicia Silverstone', 'Stacey Dash', 'Brittany Murphy', 'Paul Rudd'",'Amy Heckerling'
65,Coco,https://www.rottentomatoes.com/m/coco_2017,(2017),97%,"Synopsis: Despite his family's generations-old ban on music, young Miguel dreams of becoming an accomplished musician like his idol Ernesto de... [More]","'Anthony Gonzalez', 'Gael García Bernal', 'Benjamin Bratt', 'Alanna Ubach'",'Lee Unkrich'
66,Crazy Rich Asians,https://www.rottentomatoes.com/m/crazy_rich_asians,(2018),91%,"Synopsis: Rachel Chu is happy to accompany her longtime boyfriend, Nick, to his best friend's wedding in Singapore. She's also surprised... [More]","'Constance Wu', 'Henry Golding', 'Michelle Yeoh', 'Gemma Chan'",'Jon M. Chu'
67,Creed,https://www.rottentomatoes.com/m/creed_2015,(2015),95%,"Synopsis: Adonis Johnson (Michael B. Jordan) never knew his famous father, boxing champion Apollo Creed, who died before Adonis was born.... [More]","'Michael B. Jordan', 'Sylvester Stallone', 'Tessa Thompson', 'Phylicia Rashad'",'Ryan Coogler'
68,"Crouching Tiger, Hidden Dragon",https://www.rottentomatoes.com/m/crouching_tiger_hidden_dragon,(2000),97%,"Synopsis: In 19th century Qing Dynasty China, a warrior (Chow Yun-Fat) gives his sword, Green Destiny, to his lover (Michelle Yeoh)... [More]","'Chow Yun-Fat', 'Michelle Yeoh', 'Zhang Ziyi', 'Chen Chang'",'Ang Lee'
69,The Dark Knight,https://www.rottentomatoes.com/m/the_dark_knight,(2008),94%,"Synopsis: With the help of allies Lt. Jim Gordon (Gary Oldman) and DA Harvey Dent (Aaron Eckhart), Batman (Christian Bale) has... [More]","'Christian Bale', 'Heath Ledger', 'Aaron Eckhart', 'Michael Caine'",'Christopher Nolan'
70,Dawn of the Dead,https://www.rottentomatoes.com/m/1005339-dawn_of_the_dead,(1978),92%,"Synopsis: As hordes of zombies swarm over the U.S., the terrified populace tries everything in their power to escape the attack... [More]","'David Emge', 'Ken Foree', 'Gaylen Ross', 'Scott H. Reiniger'",'George Romero'
71,The Day the Earth Stood Still,https://www.rottentomatoes.com/m/1005371-day_the_earth_stood_still,(1951),95%,"Synopsis: When a UFO lands in Washington, D.C., bearing a message for Earth's leaders, all of humanity stands still. Klaatu (Michael... [More]","'Michael Rennie', 'Patricia Neal', 'Hugh Marlowe', 'Sam Jaffe'",'Robert Wise'
72,Dazed and Confused,https://www.rottentomatoes.com/m/dazed_and_confused,(1993),92%,"Synopsis: This coming-of-age film follows the mayhem of group of rowdy teenagers in Austin, Texas, celebrating the last day of high... [More]","'Jason London', 'Wiley Wiggins', 'Sasha Jenson', 'Rory Cochrane'",'Richard Linklater'
73,Dead Poets Society,https://www.rottentomatoes.com/m/dead_poets_society,(1989),84%,"Synopsis: A new English teacher, John Keating (Robin Williams), is introduced to an all-boys preparatory school that is known for its... [More]","'Robin Williams', 'Robert Sean Leonard', 'Ethan Hawke', 'Josh Charles'",'Peter Weir'
74,Die Hard,https://www.rottentomatoes.com/m/die_hard,(1988),94%,Synopsis: New York City policeman John McClane (Bruce Willis) is visiting his estranged wife (Bonnie Bedelia) and two daughters on Christmas... [More],"'Bruce Willis', 'Alan Rickman', 'Bonnie Bedelia', 'Reginald VelJohnson'",'John McTiernan'
75,Do the Right Thing,https://www.rottentomatoes.com/m/do_the_right_thing,(1989),92%,"Synopsis: Salvatore ""Sal"" Fragione (Danny Aiello) is the Italian owner of a pizzeria in Brooklyn. A neighborhood local, Buggin' Out (Giancarlo... [More]","'Danny Aiello', 'Ossie Davis', 'Ruby Dee', 'Richard Edson'",'Spike Lee'
76,Doctor Zhivago,https://www.rottentomatoes.com/m/1006037-doctor_zhivago,(1965),84%,"Synopsis: During the Russian Revolution, Yuri Zhivago (Omar Sharif), is a young doctor who has been raised by his aunt and... [More]","'Omar Sharif', 'Julie Christie', 'Geraldine Chaplin', 'Tom Courtenay'",'David Lean'
77,Dog Day Afternoon,https://www.rottentomatoes.com/m/dog_day_afternoon,(1975),96%,"Synopsis: When inexperienced criminal Sonny Wortzik (Al Pacino) leads a bank robbery in Brooklyn, things quickly go wrong, and a hostage... [More]","'Al Pacino', 'John Cazale', 'Charles Durning', 'Chris Sarandon'",'Sidney Lumet'
78,Don't Look Now,https://www.rottentomatoes.com/m/dont_look_now,(1973),94%,"Synopsis: Still grieving over the accidental death of their daughter, Christine (Sharon Williams), John (Donald Sutherland) and Laura Baxter (Julie Christie)... [More]","'Julie Christie', 'Donald Sutherland', 'Hilary Mason', 'Clelia Matania'",'Nicolas Roeg'
79,Double Indemnity,https://www.rottentomatoes.com/m/double_indemnity,(1944),97%,"Synopsis: In this classic film noir, insurance salesman Walter Neff (Fred MacMurray) gets roped into a murderous scheme when he falls... [More]","'Fred MacMurray', 'Barbara Stanwyck', 'Edward G. Robinson', 'Porter Hall'",'Billy Wilder'
80,Dr. Strangelove Or: How I Learned to Stop Worrying and Love the Bomb,https://www.rottentomatoes.com/m/dr_strangelove,(1964),98%,Synopsis: A film about what could happen if the wrong person pushed the wrong button -- and it played the situation... [More],"'Peter Sellers', 'George C. Scott', 'Keenan Wynn', 'Slim Pickens'",'Stanley Kubrick'
81,Dracula,https://www.rottentomatoes.com/m/1006234-dracula,(1931),94%,"Synopsis: The dashing, mysterious Count Dracula (Bela Lugosi), after hypnotizing a British soldier, Renfield (Dwight Frye), into his mindless slave, travels... [More]","'Bela Lugosi', 'Edward Van Sloan', 'Dwight Frye', 'David Manners'",'Tod Browning'
82,Drive,https://www.rottentomatoes.com/m/drive_2011,(2011),93%,"Synopsis: Driver is a skilled Hollywood stuntman who moonlights as a getaway driver for criminals. Though he projects an icy exterior,... [More]","'Ryan Gosling', 'Carey Mulligan', 'Bryan Cranston', 'Albert Brooks'",'Nicolas Winding Refn'
83,Drunken Master II,https://www.rottentomatoes.com/m/legend_of_drunken_master,(1994),84%,"Synopsis: From a land where honor and tradition reign, comes the legend of a martial-arts hero unlike any other -- the... [More]","'Jackie Chan', 'Ti Lung', 'Anita Mui', 'Kar-leung Lau'",'Chia-Liang Liu'
84,Duck Soup,https://www.rottentomatoes.com/m/duck_soup,(1933),91%,"Synopsis: When the tiny nation of Freedonia goes bankrupt, its wealthy benefactor, Mrs. Teasdale (Margaret Dumont), insists that the wacky Rufus... [More]","'Groucho Marx', 'Harpo Marx', 'Chico Marx', 'Zeppo Marx'",'Leo McCarey'
85,E.T. the Extra-Terrestrial,https://www.rottentomatoes.com/m/et_the_extraterrestrial,(1982),99%,"Synopsis: After a gentle alien becomes stranded on Earth, the being is discovered and befriended by a young boy named Elliott... [More]","'Henry Thomas', 'Dee Wallace', 'Peter Coyote', 'Drew Barrymore'",'Steven Spielberg'
86,Easy Rider,https://www.rottentomatoes.com/m/easy_rider,(1969),84%,"Synopsis: Wyatt (Peter Fonda) and Billy (Dennis Hopper), two Harley-riding hippies, complete a drug deal in Southern California and decide to... [More]","'Peter Fonda', 'Dennis Hopper', 'Jack Nicholson', 'Antonio Mendoza'",'Dennis Hopper'
87,Edward Scissorhands,https://www.rottentomatoes.com/m/edward_scissorhands,(1990),90%,Synopsis: A scientist (Vincent Price) builds an animated human being -- the gentle Edward (Johnny Depp). The scientist dies before he... [More],"'Johnny Depp', 'Winona Ryder', 'Dianne Wiest', 'Anthony Michael Hall'",'Tim Burton'
88,Election,https://www.rottentomatoes.com/m/election,(1999),92%,"Synopsis: Jim McAllister (Matthew Broderick), a well-liked high school government teacher, can't help but notice that successful student Tracy Flick (Reese... [More]","'Matthew Broderick', 'Reese Witherspoon', 'Chris Klein', 'Jessica Campbell'",'Alexander Payne'
89,The Elephant Man,https://www.rottentomatoes.com/m/1006527-elephant_man,(1980),93%,"Synopsis: Dr. Frederic Treves (Anthony Hopkins) discovers Joseph (John) Merrick (John Hurt) in a sideshow. Born with a congenital disorder, Merrick... [More]","'John Hurt', 'Anthony Hopkins', 'Anne Bancroft', 'John Gielgud'",'David Lynch'
90,Enter the Dragon,https://www.rottentomatoes.com/m/enter_the_dragon,(1973),95%,Synopsis: Bruce Lee plays a martial-arts expert determined to help capture the narcotics dealer whose gang was responsible for the death... [More],"'Bruce Lee', 'John Saxon', 'Jim Kelly', 'Ahna Capri'",'Robert Clouse'
91,Eternal Sunshine of the Spotless Mind,https://www.rottentomatoes.com/m/eternal_sunshine_of_the_spotless_mind,(2004),92%,"Synopsis: After a painful breakup, Clementine (Kate Winslet) undergoes a procedure to erase memories of her former boyfriend Joel (Jim Carrey)... [More]","'Jim Carrey', 'Kate Winslet', 'Kirsten Dunst', 'Mark Ruffalo'",'Michel Gondry'
92,Evil Dead 2,https://www.rottentomatoes.com/m/evil_dead_2_dead_by_dawn,(1987),95%,"Synopsis: The second of three films in the Evil Dead series is part horror, part comedy, with Ash Williams (Bruce Campbell)... [More]","'Bruce Campbell', 'Sarah Berry', 'Dan Hicks', 'Denise Bixler'",'Sam Raimi'
93,The Exorcist,https://www.rottentomatoes.com/m/exorcist,(1973),84%,"Synopsis: One of the most profitable horror movies ever made, this tale of an exorcism is based loosely on actual events.... [More]","'Ellen Burstyn', 'Linda Blair', 'Max von Sydow', 'Lee J. Cobb'",'William Friedkin'
94,The Farewell,https://www.rottentomatoes.com/m/the_farewell_2019,(2019),97%,Synopsis: Billi's family returns to China under the guise of a fake wedding to stealthily say goodbye to their beloved matriarch... [More],"'Awkwafina', 'Tzi Ma', 'Diana Lin', 'Gil Perez-Abraham'",'Lulu Wang'
95,Fargo,https://www.rottentomatoes.com/m/fargo,(1996),94%,"Synopsis: ""Fargo"" is a reality-based crime drama set in Minnesota in 1987. Jerry Lundegaard (William H. Macy) is a car salesman... [More]","'Frances McDormand', 'Steve Buscemi', 'William H. Macy', 'Peter Stormare'",'Joel Coen'
96,Fast Five,https://www.rottentomatoes.com/m/fast_five,(2011),77%,Synopsis: Ever since ex-cop Brian O'Conner (Paul Walker) and Mia Torretto (Jordana Brewster) broke her brother Dom (Vin Diesel) out of... [More],"'Vin Diesel', 'Paul Walker', 'Jordana Brewster', 'Tyrese Gibson'",'Justin Lin'
97,Fast Times at Ridgemont High,https://www.rottentomatoes.com/m/fast_times_at_ridgemont_high,(1982),78%,"Synopsis: Stacy Hamilton (Jennifer Jason Leigh) is a pretty, but inexperienced, teen interested in dating. Given advice by her uninhibited friend,... [More]","'Sean Penn', 'Jennifer Jason Leigh', 'Judge Reinhold', 'Robert Romanus'",'Amy Heckerling'
98,Fight Club,https://www.rottentomatoes.com/m/fight_club,(1999),79%,Synopsis: A depressed man (Edward Norton) suffering from insomnia meets a strange soap salesman named Tyler Durden (Brad Pitt) and soon... [More],"'Brad Pitt', 'Edward Norton', 'Helena Bonham Carter', 'Meat Loaf'",'David Fincher'
99,Fish Tank,https://www.rottentomatoes.com/m/fish_tank,(2009),91%,"Synopsis: Mia (Katie Jarvis) is a rebellious teenager on the verge of being kicked out of school. Her hard-partying mother, Joanne... [More]","'Michael Fassbender', 'Katie Jarvis', 'Kierston Wareing', 'Harry Treadaway'",'Andrea Arnold'
100,Forbidden Planet,https://www.rottentomatoes.com/m/forbidden_planet,(1956),96%,"Synopsis: In this sci-fi classic, a spacecraft travels to the distant planet Altair IV to discover the fate of a group... [More]","'Walter Pidgeon', 'Anne Francis', 'Leslie Nielsen', 'Warren Stevens'",'Fred McLeod Wilcox'
101,Four Weddings and a Funeral,https://www.rottentomatoes.com/m/four_weddings_and_a_funeral,(1994),96%,Synopsis: Lovable Englishman Charles (Hugh Grant) and his group of friends seem to be unlucky in love. When Charles meets a... [More],"'Hugh Grant', 'Andie MacDowell', 'Kristin Scott Thomas', 'Simon Callow'",'Mike Newell'
102,Frankenstein,https://www.rottentomatoes.com/m/1007818-frankenstein,(1931),100%,Synopsis: This iconic horror film follows the obsessed scientist Dr. Henry Frankenstein (Colin Clive) as he attempts to create life by... [More],"'Boris Karloff', 'Colin Clive', 'Mae Clarke', 'John Boles'",'James Whale'
103,The French Connection,https://www.rottentomatoes.com/m/french_connection,(1971),95%,"Synopsis: New York Detective ""Popeye"" Doyle (Gene Hackman) and his partner (Roy Scheider) chase a French heroin smuggler.... [More]","'Gene Hackman', 'Fernando Rey', 'Roy Scheider', 'Tony Lo Bianco'",'William Friedkin'
104,Frida,https://www.rottentomatoes.com/m/frida,(2002),76%,"Synopsis: This is the true story of Frida Kahlo (Salma Hayek) and her husband Diego Rivera (Alfred Molina), the larger-than-life painters... [More]","'Salma Hayek', 'Alfred Molina', 'Geoffrey Rush', 'Ashley Judd'",'Julie Taymor'
105,Gallipoli,https://www.rottentomatoes.com/m/1008074-gallipoli,(1981),91%,Synopsis: Archy (Mark Lee) and Frank (Mel Gibson) are two young Australian sprinters who want to join the army to fulfill... [More],"'Mark Lee', 'Mel Gibson', 'Bill Kerr', 'Ron Graham'",'Peter Weir'
106,Gandhi,https://www.rottentomatoes.com/m/gandhi,(1982),89%,"Synopsis: This acclaimed biographical drama presents major events in the life of Mohandas Gandhi (Ben Kingsley), the beloved Indian leader who... [More]","'Ben Kingsley', 'Candice Bergen', 'Edward Fox', 'John Gielgud'",'Richard Attenborough'
107,Gattaca,https://www.rottentomatoes.com/m/gattaca,(1997),81%,"Synopsis: Vincent Freeman (Ethan Hawke) has always fantasized about traveling into outer space, but is grounded by his status as a... [More]","'Ethan Hawke', 'Uma Thurman', 'Jude Law', 'Gore Vidal'",'Andrew Niccol'
108,The General,https://www.rottentomatoes.com/m/1008166-general,(1926),92%,"Synopsis: One of the most revered comedies of the silent era, this film finds hapless Southern railroad engineer Johnny Gray (Buster... [More]","'Buster Keaton', 'Marion Mack', 'Glen Cavender', 'Jim Farley'","'Clyde Bruckman', 'Buster Keaton'"
109,Get Out,https://www.rottentomatoes.com/m/get_out,(2017),98%,"Synopsis: Now that Chris and his girlfriend, Rose, have reached the meet-the-parents milestone of dating, she invites him for a weekend... [More]","'Daniel Kaluuya', 'Allison Williams', 'Catherine Keener', 'Bradley Whitford'",'Jordan Peele'
110,Ghost in the Shell,https://www.rottentomatoes.com/m/ghost_in_the_shell,(1995),97%,"Synopsis: In this Japanese animation, cyborg federal agent Maj. Motoko Kusanagi (Mimi Woods) trails ""The Puppet Master"" (Abe Lasser), who illegally... [More]","'Richard George', 'Mimi Woods', 'William Frederick', 'Abe Lasser'",'Mamoru Oshii'
111,Ghostbusters,https://www.rottentomatoes.com/m/ghostbusters,(1984),97%,"Synopsis: After the members of a team of scientists (Harold Ramis, Dan Aykroyd, Bill Murray) lose their cushy positions at a... [More]","'Bill Murray', 'Dan Aykroyd', 'Harold Ramis', 'Sigourney Weaver'",'Ivan Reitman'
112,Girls Trip,https://www.rottentomatoes.com/m/girls_trip,(2017),92%,"Synopsis: Best friends Ryan, Sasha, Lisa and Dina are in for the adventure of a lifetime when they travel to New... [More]","'Regina Hall', 'Queen Latifah', 'Jada Pinkett Smith', 'Tiffany Haddish'",'Malcolm D. Lee'
113,The Godfather,https://www.rottentomatoes.com/m/the_godfather,(1972),97%,"Synopsis: Widely regarded as one of the greatest films of all time, this mob drama, based on Mario Puzo's novel of... [More]","'Marlon Brando', 'Al Pacino', 'James Caan', 'Richard Castellano'",'Francis Ford Coppola'
114,"The Godfather, Part II",https://www.rottentomatoes.com/m/godfather_part_ii,(1974),96%,"Synopsis: The compelling sequel to ""The Godfather,"" contrasting the life of Corleone father and son. Traces the problems of Michael Corleone... [More]","'Al Pacino', 'Robert Duvall', 'Diane Keaton', 'Robert De Niro'",'Francis Ford Coppola'
115,Godzilla,https://www.rottentomatoes.com/m/godzilla_1956,(1954),93%,Synopsis: A fire-breathing behemoth terrorizes Japan after an atomic bomb awakens it from its centuries-old sleep.... [More],"'Takashi Shimura', 'Momoko Kochi', 'Akira Takarada', 'Akihiko Hirata'",'Ishirô Honda'
116,Goldfinger,https://www.rottentomatoes.com/m/goldfinger,(1964),99%,"Synopsis: Special agent 007 (Sean Connery) comes face to face with one of the most notorious villains of all time, and... [More]","'Sean Connery', 'Gert Frobe', 'Honor Blackman', 'Shirley Eaton'",'Guy Hamilton'
117,"The Good, the Bad and the Ugly",https://www.rottentomatoes.com/m/the_good_the_bad_and_the_ugly,(1967),97%,"Synopsis: In the Southwest during the Civil War, a mysterious stranger, Joe (Clint Eastwood), and a Mexican outlaw, Tuco (Eli Wallach),... [More]","'Clint Eastwood', 'Eli Wallach', 'Lee Van Cleef', 'Aldo Giuffré'",'Sergio Leone'
118,Goodfellas,https://www.rottentomatoes.com/m/1032176-goodfellas,(1990),96%,Synopsis: A young man grows up in the mob and works very hard to advance himself through the ranks. He enjoys... [More],"'Robert De Niro', 'Ray Liotta', 'Joe Pesci', 'Lorraine Bracco'",'Martin Scorsese'
119,The Grand Budapest Hotel,https://www.rottentomatoes.com/m/the_grand_budapest_hotel,(2014),92%,"Synopsis: In the 1930s, the Grand Budapest Hotel is a popular European ski resort, presided over by concierge Gustave H. (Ralph... [More]","'Ralph Fiennes', 'F. Murray Abraham', 'Mathieu Amalric', 'Adrien Brody'",'Wes Anderson'
120,Grand Illusion,https://www.rottentomatoes.com/m/la_grande_illusion,(1937),97%,"Synopsis: A group of French soldiers, including the patrician Captain de Boeldieu (Pierre Fresnay) and the working-class Lieutenant Maréchal (Jean Gabin),... [More]","'Pierre Fresnay', 'Erich von Stroheim', 'Jean Gabin', 'Marcel Dalio'",'Jean Renoir'
121,The Grapes of Wrath,https://www.rottentomatoes.com/m/grapes_of_wrath,(1940),100%,"Synopsis: The Joad clan, introduced to the world in John Steinbeck's iconic novel, is looking for a better life in California.... [More]","'Henry Fonda', 'Jane Darwell', 'John Carradine', 'Charley Grapewin'",'John Ford'
122,Grease,https://www.rottentomatoes.com/m/grease,(1978),76%,"Synopsis: Experience the friendships, romances and adventures of a group of high school kids in the 1950s. Welcome to the singing... [More]","'John Travolta', 'Olivia Newton-John', 'Stockard Channing', 'Jeff Conaway'",'Randal Kleiser'
123,The Great Escape,https://www.rottentomatoes.com/m/the_great_escape,(1963),94%,"Synopsis: Imprisoned during World War II in a German POW camp, a group of Allied soldiers are intent on breaking out,... [More]","'Steve McQueen', 'James Garner', 'Richard Attenborough', 'Charles Bronson'",'John Sturges'
124,Groundhog Day,https://www.rottentomatoes.com/m/groundhog_day,(1993),97%,"Synopsis: Phil (Bill Murray), a weatherman, is out to cover the annual emergence of the groundhog from its hole. He gets... [More]","'Bill Murray', 'Andie MacDowell', 'Chris Elliott', 'Stephen Tobolowsky'",'Harold Ramis'
125,Guardians of the Galaxy,https://www.rottentomatoes.com/m/guardians_of_the_galaxy,(2014),92%,Synopsis: Brash space adventurer Peter Quill (Chris Pratt) finds himself the quarry of relentless bounty hunters after he steals an orb... [More],"'Chris Pratt', 'Zoe Saldana', 'Dave Bautista', 'Vin Diesel'",'James Gunn'
126,Hairspray,https://www.rottentomatoes.com/m/1009096-hairspray,(1988),98%,"Synopsis: When Tracy Turnblad (Ricki Lake), an overweight teen, auditions for a spot on a popular teen dance show, she beats... [More]","'Ricki Lake', 'Divine', 'Jerry Stiller', 'Sonny Bono'",'John Waters'
127,Halloween,https://www.rottentomatoes.com/m/1009113-halloween,(1978),96%,"Synopsis: On a cold Halloween night in 1963, six year old Michael Myers brutally murdered his 17-year-old sister, Judith. He was... [More]","'Donald Pleasence', 'Jamie Lee Curtis', 'Nancy Loomis', 'P.J. Soles'",'John Carpenter'
128,A Hard Day's Night,https://www.rottentomatoes.com/m/beatles_a_hard_days_night,(1964),98%,"Synopsis: The Beatles in their feature film debut, one of the greatest rock-and-roll comedy adventures ever. The film has a fully... [More]","'The Beatles', 'Wilfrid Brambell', 'Norman Rossington', 'John Junkins'",'Richard Lester'
129,Harold and Maude,https://www.rottentomatoes.com/m/harold_and_maude,(1971),86%,Synopsis: Cult classic pairs Cort as a dead-pan disillusioned 20-year-old obsessed with suicide and a loveable Gordon as a fun-loving 80-year-old... [More],"'Bud Cort', 'Ruth Gordon', 'Cyril Cusack', 'Vivian Pickles'",'Hal Ashby'
130,Harry Potter and the Prisoner of Azkaban,https://www.rottentomatoes.com/m/harry_potter_and_the_prisoner_of_azkaban,(2004),90%,Synopsis: Harry Potter's (Daniel Radcliffe) third year at Hogwarts starts off badly when he learns deranged killer Sirius Black (Gary Oldman)... [More],"'Daniel Radcliffe', 'Rupert Grint', 'Emma Watson', 'Gary Oldman'",'Alfonso Cuarón'
131,The Hate U Give,https://www.rottentomatoes.com/m/the_hate_u_give,(2018),97%,"Synopsis: Starr Carter is constantly switching between two worlds -- the poor, mostly black neighborhood where she lives and the wealthy,... [More]","'Amandla Stenberg', 'Regina Hall', 'Russell Hornsby', 'K.J. Apa'",'George Tillman Jr.'
132,Heat,https://www.rottentomatoes.com/m/heat_1995,(1995),88%,"Synopsis: Master criminal Neil McCauley (Robert De Niro) is trying to control the rogue actions of one of his men, while... [More]","'Al Pacino', 'Robert De Niro', 'Val Kilmer', 'Jon Voight'",'Michael Mann'
133,Heathers,https://www.rottentomatoes.com/m/heathers,(1989),93%,"Synopsis: Veronica (Winona Ryder) is part of the most popular clique at her high school, but she disapproves of the other... [More]","'Winona Ryder', 'Christian Slater', 'Shannen Doherty', 'Lisanne Falk'",'Michael Lehmann'
134,Hedwig and the Angry Inch,https://www.rottentomatoes.com/m/hedwig_and_the_angry_inch,(2001),92%,Synopsis: A German emigrant living in a trailer in Kansas is the victim of a botched sex-change operation. Adapted from the... [More],"'John Cameron Mitchell', 'Michael Pitt', 'Miriam Shor', 'Stephen Trask'",'John Cameron Mitchell'
135,Hero,https://www.rottentomatoes.com/m/hero,(2002),94%,"Synopsis: In this visually arresting martial arts epic set in ancient China, an unnamed fighter (Jet Li) is being honored for... [More]","'Jet Li', 'Tony Leung Chiu Wai', 'Maggie Cheung Man-yuk', 'Donnie Yen'",'Zhang Yimou'
136,High Noon,https://www.rottentomatoes.com/m/1046060-high_noon,(1952),95%,"Synopsis: Former marshal Will Kane (Gary Cooper) is preparing to leave the small town of Hadleyville, New Mexico, with his new... [More]","'Gary Cooper', 'Grace Kelly', 'Katy Jurado', 'Thomas Mitchell'",'Fred Zinnemann'
137,His Girl Friday,https://www.rottentomatoes.com/m/his_girl_friday,(1940),99%,"Synopsis: When hard-charging New York newspaper editor Walter Burns discovers that his ex-wife, investigative reporter Hildy Johnson, has gotten engaged to... [More]","'Cary Grant', 'Rosalind Russell', 'Ralph Bellamy', 'Gene Lockhart'",'Howard Hawks'
138,The Hunt,https://www.rottentomatoes.com/m/the_hunt_2013,(2012),93%,"Synopsis: A kindergarten teacher's (Mads Mikkelsen) world collapses around him after one of his students (Annika Wedderkopp), who has a crush... [More]","'Mads Mikkelsen', 'Thomas Bo Larsen', 'Annika Wedderkopp', 'Lasse Fogelstrøm'",'Thomas Vinterberg'
139,Ikiru,https://www.rottentomatoes.com/m/ikiru,(1952),98%,Synopsis: Mr. Watanabe suddenly finds that he has terminal cancer. He vows to make his final days meaningful. His attempts to... [More],"'Takashi Shimura', 'Miki Odagiri', 'Kyôko Seki'",'Akira Kurosawa'
140,In the Heat of the Night,https://www.rottentomatoes.com/m/in_the_heat_of_the_night,(1967),95%,"Synopsis: African-American Philadelphia police detective Virgil Tibbs (Sidney Poitier) is arrested on suspicion of murder by Bill Gillespie (Rod Steiger), the... [More]","'Sidney Poitier', 'Rod Steiger', 'Warren Oates', 'Quentin Dean'",'Norman Jewison'
141,In the Mood for Love,https://www.rottentomatoes.com/m/in_the_mood_for_love_2001,(2000),91%,"Synopsis: In 1962, journalist Chow Mo-wan (Tony Leung Chiu Wai) and his wife move into a Hong Kong apartment, but Chow's... [More]","'Tony Leung Chiu Wai', 'Maggie Cheung Man-yuk', 'Lai Chen', 'Rebecca Pan'",'Kar Wai Wong'
142,Inception,https://www.rottentomatoes.com/m/inception,(2010),87%,Synopsis: Dom Cobb (Leonardo DiCaprio) is a thief with the rare ability to enter people's dreams and steal their secrets from... [More],"'Leonardo DiCaprio', 'Joseph Gordon-Levitt', 'Ellen Page', 'Tom Hardy'",'Christopher Nolan'
143,Inglourious Basterds,https://www.rottentomatoes.com/m/inglourious_basterds,(2009),89%,Synopsis: It is the first year of Germany's occupation of France. Allied officer Lt. Aldo Raine (Brad Pitt) assembles a team... [More],"'Brad Pitt', 'Mélanie Laurent', 'Christoph Waltz', 'Eli Roth'",'Quentin Tarantino'
144,Inside Out,https://www.rottentomatoes.com/m/inside_out_2015,(2015),98%,"Synopsis: Riley (Kaitlyn Dias) is a happy, hockey-loving 11-year-old Midwestern girl, but her world turns upside-down when she and her parents... [More]","'Amy Poehler', 'Phyllis Smith', 'Richard Kind', 'Bill Hader'",'Pete Docter'
145,The Iron Giant,https://www.rottentomatoes.com/m/iron_giant,(1999),96%,"Synopsis: In this animated adaptation of Ted Hughes' Cold War fable, a giant alien robot (Vin Diesel) crash-lands near the small... [More]","'Jennifer Aniston', 'Eli Marienthal', 'Harry Connick Jr.', 'Vin Diesel'",'Brad Bird'
146,Iron Man,https://www.rottentomatoes.com/m/iron_man,(2008),94%,"Synopsis: A billionaire industrialist and genius inventor, Tony Stark (Robert Downey Jr.), is conducting weapons tests overseas, but terrorists kidnap him... [More]","'Robert Downey Jr.', 'Terrence Howard', 'Gwyneth Paltrow', 'Jeff Bridges'",'Jon Favreau'
147,It Happened One Night,https://www.rottentomatoes.com/m/it_happened_one_night,(1934),98%,"Synopsis: In Frank Capra's acclaimed romantic comedy, spoiled heiress Ellie Andrews (Claudette Colbert) impetuously marries the scheming King Westley, leading her... [More]","'Claudette Colbert', 'Clark Gable', 'Walter Connolly', 'Roscoe Karns'",'Frank Capra'
148,It's a Wonderful Life,https://www.rottentomatoes.com/m/its_a_wonderful_life,(1946),94%,"Synopsis: After George Bailey (James Stewart) wishes he had never been born, an angel (Henry Travers) is sent to earth to... [More]","'James Stewart', 'Donna Reed', 'Lionel Barrymore', 'Thomas Mitchell'",'Frank Capra'
149,Jaws,https://www.rottentomatoes.com/m/jaws,(1975),97%,"Synopsis: When a young woman is killed by a shark while skinny-dipping near the New England tourist town of Amity Island,... [More]","'Roy Scheider', 'Robert Shaw', 'Richard Dreyfuss', 'Lorraine Gary'",'Steven Spielberg'
150,John Wick,https://www.rottentomatoes.com/m/john_wick,(2014),86%,Synopsis: Legendary assassin John Wick (Keanu Reeves) retired from his violent career after marrying the love of his life. Her sudden... [More],"'Keanu Reeves', 'Michael Nyqvist', 'Alfie Allen', 'Willem Dafoe'",'Chad Stahelski'
151,Jurassic Park,https://www.rottentomatoes.com/m/jurassic_park,(1993),92%,"Synopsis: In Steven Spielberg's massive blockbuster, paleontologists Alan Grant (Sam Neill) and Ellie Sattler (Laura Dern) and mathematician Ian Malcolm (Jeff... [More]","'Sam Neill', 'Laura Dern', 'Jeff Goldblum', 'Richard Attenborough'",'Steven Spielberg'
152,King Kong,https://www.rottentomatoes.com/m/1011615-king_kong,(1933),99%,Synopsis: Actress Ann Darrow (Fay Wray) and director Carl Denham (Robert Armstrong) travel to the Indian Ocean to do location shoots... [More],"'Fay Wray', 'Bruce Cabot', 'Robert Armstrong', 'Frank Reicher'","'Merian C. Cooper', 'Ernest B. Schoedsack'"
153,L.A. Confidential,https://www.rottentomatoes.com/m/la_confidential,(1997),99%,"Synopsis: Three policemen, each with his own motives and obsessions, tackle the corruption surrounding an unsolved murder at a downtown Los... [More]","'Kevin Spacey', 'Russell Crowe', 'Guy Pearce', 'James Cromwell'",'Curtis Hanson'
154,L'Avventura,https://www.rottentomatoes.com/m/lavventura,(1960),94%,"Synopsis: In Michelangelo Antonioni's classic of Italian cinema, two lovely young women, Claudia (Monica Vitti) and Anna (Léa Massari), join the... [More]","'Monica Vitti', 'Gabriele Ferzetti', 'Léa Massari', 'Dominique Blanchar'",'Michelangelo Antonioni'
155,La Bamba,https://www.rottentomatoes.com/m/la_bamba,(1987),82%,"Synopsis: Los Angeles teenager Ritchie Valens (Lou Diamond Phillips) becomes an overnight rock 'n' roll success in 1958, thanks to a... [More]","'Lou Diamond Phillips', 'Esai Morales', 'Rosanna DeSoto', 'Elizabeth Peña'",'Luis Valdez'
156,La dolce vita,https://www.rottentomatoes.com/m/dolce_vita,(1960),96%,"Synopsis: In Federico Fellini's lauded Italian film, restless reporter Marcello Rubini (Marcello Mastroianni) drifts through life in Rome. While Marcello contends... [More]","'Marcello Mastroianni', 'Anita Ekberg', 'Yvonne Furneaux', 'Anouk Aimée'",'Federico Fellini'
157,Lady Bird,https://www.rottentomatoes.com/m/lady_bird,(2017),99%,Synopsis: A teenager (Saoirse Ronan) navigates a loving but turbulent relationship with her strong-willed mother (Laurie Metcalf) over the course of... [More],"'Saoirse Ronan', 'Laurie Metcalf', 'Timothée Chalamet', 'Lucas Hedges'",'Greta Gerwig'
158,The Lady Eve,https://www.rottentomatoes.com/m/lady_eve,(1941),100%,Synopsis: It's no accident when wealthy Charles (Henry Fonda) falls for Jean (Barbara Stanwyck). Jean is a con artist with her... [More],"'Barbara Stanwyck', 'Henry Fonda', 'Charles Coburn', 'Eugene Pallette'",'Preston Sturges'
159,Lawrence of Arabia,https://www.rottentomatoes.com/m/lawrence_of_arabia,(1962),94%,"Synopsis: Due to his knowledge of the native Bedouin tribes, British Lieutenant T.E. Lawrence (Peter O'Toole) is sent to Arabia to... [More]","""Peter O'Toole"", 'Alec Guinness', 'Anthony Quinn', 'Omar Sharif'",'David Lean'
160,Let the Right One In,https://www.rottentomatoes.com/m/let_the_right_one_in,(2008),98%,"Synopsis: When Oskar (Kåre Hedebrant), a sensitive, bullied 12-year-old boy living with his mother in suburban Sweden, meets his new neighbor,... [More]","'Kåre Hedebrant', 'Lina Leandersson', 'Per Ragnar', 'Henrik Dahl'",'Tomas Alfredson'
161,Lethal Weapon,https://www.rottentomatoes.com/m/lethal_weapon,(1987),80%,"Synopsis: Following the death of his wife, Los Angeles police detective Martin Riggs (Mel Gibson) becomes reckless and suicidal. When he... [More]","'Mel Gibson', 'Danny Glover', 'Gary Busey', 'Mitchell Ryan'",'Richard Donner'
162,Like Water for Chocolate,https://www.rottentomatoes.com/m/like_water_for_chocolate,(1992),87%,"Synopsis: The youngest daughter in her family, the beautiful Tita (Lumi Cavazos) is forbidden to marry her true love, Pedro (Marco... [More]","'Lumi Cavazos', 'Marco Leonardi', 'Regina Torné', 'Mario Iván Martínez'",'Alfonso Arau'
163,The Lion King,https://www.rottentomatoes.com/m/the_lion_king,(1994),93%,"Synopsis: This Disney animated feature follows the adventures of the young lion Simba (Jonathan Taylor Thomas), the heir of his father,... [More]","'Matthew Broderick', 'Jeremy Irons', 'James Earl Jones', 'Madge Sinclair'","'Roger Allers', 'Rob Minkoff'"
164,The Little Mermaid,https://www.rottentomatoes.com/m/the_little_mermaid_1989,(1989),93%,"Synopsis: In Disney's beguiling animated romp, rebellious 16-year-old mermaid Ariel (Jodi Benson) is fascinated with life on land. On one of... [More]","'Jodi Benson', 'Pat Carroll', 'Christopher Daniel Barnes', 'Rene Auberjonois'","'Ron Clements', 'John Musker'"
165,Little Shop of Horrors,https://www.rottentomatoes.com/m/1012515-little_shop_of_horrors,(1986),90%,"Synopsis: Meek flower shop assistant Seymour (Rick Moranis) pines for co-worker Audrey (Ellen Greene). During a total eclipse, he discovers an... [More]","'Rick Moranis', 'Ellen Greene', 'Steve Martin', 'Vincent Gardenia'",'Frank Oz'
166,Logan,https://www.rottentomatoes.com/m/logan_2017,(2017),94%,"Synopsis: In the near future, a weary Logan (Hugh Jackman) cares for an ailing Professor X (Patrick Stewart) at a remote... [More]","'Hugh Jackman', 'Patrick Stewart', 'Dafne Keen', 'Richard E. Grant'",'James Mangold'
167,The Lord of the Rings: The Fellowship of the Ring,https://www.rottentomatoes.com/m/the_lord_of_the_rings_the_fellowship_of_the_ring,(2001),91%,"Synopsis: The future of civilization rests in the fate of the One Ring, which has been lost for centuries. Powerful forces... [More]","'Elijah Wood', 'Ian McKellen', 'Liv Tyler', 'Viggo Mortensen'",'Peter Jackson'
168,The Lord of the Rings: The Return of the King,https://www.rottentomatoes.com/m/the_lord_of_the_rings_the_return_of_the_king,(2003),93%,Synopsis: The culmination of nearly 10 years' work and conclusion to Peter Jackson's epic trilogy based on the timeless J.R.R. Tolkien... [More],"'Elijah Wood', 'Ian McKellen', 'Liv Tyler', 'Viggo Mortensen'",'Peter Jackson'
169,The Lord of the Rings: The Two Towers,https://www.rottentomatoes.com/m/the_lord_of_the_rings_the_two_towers,(2002),95%,"Synopsis: The sequel to the Golden Globe-nominated and AFI Award-winning ""The Lord of the Rings: The Fellowship of the Ring,"" ""The... [More]","'Elijah Wood', 'Ian McKellen', 'Liv Tyler', 'Viggo Mortensen'",'Peter Jackson'
170,Lost in Translation,https://www.rottentomatoes.com/m/lost_in_translation,(2003),95%,"Synopsis: A lonely, aging movie star named Bob Harris (Bill Murray) and a conflicted newlywed, Charlotte (Scarlett Johansson), meet in Tokyo.... [More]","'Bill Murray', 'Scarlett Johansson', 'Giovanni Ribisi', 'Anna Faris'",'Sofia Coppola'
171,Love & Basketball,https://www.rottentomatoes.com/m/love_and_basketball,(2000),86%,"Synopsis: Monica (Sanaa Lathan) and Quincy (Omar Epps) are two childhood friends who both aspire to be professional basketball players. Quincy,... [More]","'Sanaa Lathan', 'Omar Epps', 'Alfre Woodard', 'Dennis Haysbert'",'Gina Prince'
172,Mad Max: Fury Road,https://www.rottentomatoes.com/m/mad_max_fury_road,(2015),97%,"Synopsis: Years after the collapse of civilization, the tyrannical Immortan Joe enslaves apocalypse survivors inside the desert fortress the Citadel. When... [More]","'Tom Hardy', 'Charlize Theron', 'Nicholas Hoult', 'Hugh Keays-Byrne'",'George Miller'
173,Malcolm X,https://www.rottentomatoes.com/m/1042135-malcolm_x,(1992),89%,Synopsis: A tribute to the controversial black activist and leader of the struggle for black liberation. He hit bottom during his... [More],"'Denzel Washington', 'Angela Bassett', 'Albert Hall', 'Al Freeman Jr.'",'Spike Lee'
174,The Maltese Falcon,https://www.rottentomatoes.com/m/1013139-maltese_falcon,(1941),100%,"Synopsis: In this noir classic, detective Sam Spade (Humphrey Bogart) gets more than he bargained for when he takes a case... [More]","'Humphrey Bogart', 'Mary Astor', 'Peter Lorre', 'Gladys George'",'John Huston'
175,The Manchurian Candidate,https://www.rottentomatoes.com/m/1013227-manchurian_candidate,(1962),97%,"Synopsis: Near the end of the Korean War, a platoon of U.S. soldiers is captured by communists and brainwashed. Following the... [More]","'Frank Sinatra', 'Laurence Harvey', 'Janet Leigh', 'Angela Lansbury'",'John Frankenheimer'
176,The Matrix,https://www.rottentomatoes.com/m/matrix,(1999),88%,"Synopsis: Neo (Keanu Reeves) believes that Morpheus (Laurence Fishburne), an elusive figure considered to be the most dangerous man alive, can... [More]","'Keanu Reeves', 'Laurence Fishburne', 'Carrie-Anne Moss', 'Hugo Weaving'","'Andy Wachowski', 'Larry Wachowski'"
177,Mean Girls,https://www.rottentomatoes.com/m/mean_girls,(2004),84%,Synopsis: Teenage Cady Heron (Lindsay Lohan) was educated in Africa by her scientist parents. When her family moves to the suburbs... [More],"'Lindsay Lohan', 'Rachel McAdams', 'Tina Fey', 'Tim Meadows'",'Mark Waters'
178,Metropolis,https://www.rottentomatoes.com/m/1013775-metropolis,(1927),97%,Synopsis: This influential German science-fiction film presents a highly stylized futuristic city where a beautiful and cultured utopia exists above a... [More],"'Brigitte Helm', 'Alfred Abel', 'Gustav Fröhlich', 'Rudolf Klein-Rogge'",'Fritz Lang'
179,Modern Times,https://www.rottentomatoes.com/m/modern_times,(1936),98%,Synopsis: This comedic masterpiece finds the iconic Little Tramp (Charlie Chaplin) employed at a state-of-the-art factory where the inescapable machinery completely... [More],"'Charlie Chaplin', 'Paulette Goddard', 'Henry Bergman', 'Tiny Sandford'",'Charlie Chaplin'
180,Monsoon Wedding,https://www.rottentomatoes.com/m/monsoon_wedding,(2001),95%,Synopsis: The exuberant ensemble comedy unites a Punjabi family for the wedding of a family member. Relatives from all over the... [More],"'Naseeruddin Shah', 'Lillete Dubey'",'Mira Nair'
181,Monty Python and the Holy Grail,https://www.rottentomatoes.com/m/monty_python_and_the_holy_grail,(1975),97%,Synopsis: A comedic send-up of the grim circumstances of the Middle Ages as told through the story of King Arthur and... [More],"'Graham Chapman', 'John Cleese', 'Terry Gilliam', 'Eric Idle'","'Terry Gilliam', 'Terry Jones'"
182,Moonlight,https://www.rottentomatoes.com/m/moonlight_2016,(2016),98%,"Synopsis: A look at three defining chapters in the life of Chiron, a young black man growing up in Miami. His... [More]","'Mahershala Ali', 'Alex Hibbert', 'Ashton Sanders', 'Trevante Rhodes'",'Barry Jenkins'
183,Mulholland Dr.,https://www.rottentomatoes.com/m/mulholland_dr,(2001),84%,Synopsis: A dark-haired woman (Laura Elena Harring) is left amnesiac after a car crash. She wanders the streets of Los Angeles... [More],"'Justin Theroux', 'Naomi Watts', 'Laura Elena Harring', 'Ann Miller'",'David Lynch'
184,My Left Foot,https://www.rottentomatoes.com/m/my_left_foot,(1989),98%,"Synopsis: No one expects much from Christy Brown (Daniel Day-Lewis), a boy with cerebral palsy born into a working-class Irish family.... [More]","'Daniel Day-Lewis', 'Ray McAnally', 'Brenda Fricker', 'Ruth McCabe'",'Jim Sheridan'
185,My Neighbor Totoro,https://www.rottentomatoes.com/m/my_neighbor_totoro,(1988),95%,"Synopsis: This acclaimed animated tale by director Hayao Miyazaki follows schoolgirl Satsuke and her younger sister, Mei, as they settle into... [More]","'Elle Fanning', 'Dakota Fanning', 'Tim Daly', 'Lea Salonga'",'Hayao Miyazaki'
186,Naked,https://www.rottentomatoes.com/m/1048185-naked,(1993),88%,Synopsis: An unemployed Brit vents his rage on unsuspecting strangers as he embarks on a nocturnal London odyssey.... [More],"'David Thewlis', 'Lesley Sharp', 'Katrin Cartlidge', 'Greg Cruttwell'",'Mike Leigh'
187,The Naked Gun,https://www.rottentomatoes.com/m/the_naked_gun_from_the_files_of_police_squad,(1988),86%,"Synopsis: Frank Drebin (Leslie Nielsen), a rather clueless police detective, tries to foil a plot to turn innocent people into assassins... [More]","'Leslie Nielsen', 'George Kennedy', 'Priscilla Presley', 'Ricardo Montalban'",'David Zucker'
188,Nashville,https://www.rottentomatoes.com/m/nashville,(1975),91%,"Synopsis: In this acclaimed Robert Altman drama, the lives of numerous people in the Tennessee capital intersect in unpredictable ways. Delbert... [More]","'Keith Carradine', 'Lily Tomlin', 'Karen Black', 'David Arkin'",'Robert Altman'
189,National Lampoon's Animal House,https://www.rottentomatoes.com/m/national_lampoons_animal_house,(1978),90%,"Synopsis: When they arrive at college, socially inept freshmen Larry (Thomas Hulce) and Kent (Stephen Furst) attempt to pledge the snooty... [More]","'John Belushi', 'Kevin Bacon', 'Donald Sutherland', 'Karen Allen'",'John Landis'
190,Network,https://www.rottentomatoes.com/m/network,(1976),92%,"Synopsis: In this lauded satire, veteran news anchorman Howard Beale (Peter Finch) discovers that he's being put out to pasture, and... [More]","'Faye Dunaway', 'Peter Finch', 'William Holden', 'Robert Duvall'",'Sidney Lumet'
191,The Night of the Hunter,https://www.rottentomatoes.com/m/night_of_the_hunter,(1955),94%,Synopsis: The Rev. Harry Powell (Robert Mitchum) is a religious fanatic and serial killer who targets women who use their sexuality... [More],"'Robert Mitchum', 'Shelley Winters', 'Lillian Gish', 'Evelyn Varden'",'Charles Laughton'
192,Night of the Living Dead,https://www.rottentomatoes.com/m/night_of_the_living_dead,(1968),96%,Synopsis: A disparate group of individuals takes refuge in an abandoned house when corpses begin to leave the graveyard in search... [More],"'Duane Jones', ""Judith O'Dea"", 'Karl Hardman', 'Keith Wayne'",'George A. Romero'
193,A Nightmare on Elm Street,https://www.rottentomatoes.com/m/nightmare_on_elm_street,(1984),95%,"Synopsis: In Wes Craven's classic slasher film, several Midwestern teenagers fall prey to Freddy Krueger (Robert Englund), a disfigured midnight mangler... [More]","'John Saxon', 'Ronee Blakley', 'Heather Langenkamp', 'Amanda Wyss'",'Wes Craven'
194,No Country for Old Men,https://www.rottentomatoes.com/m/no_country_for_old_men,(2007),93%,"Synopsis: While out hunting, Llewelyn Moss (Josh Brolin) finds the grisly aftermath of a drug deal. Though he knows better, he... [More]","'Tommy Lee Jones', 'Javier Bardem', 'Josh Brolin', 'Woody Harrelson'","'Joel Coen', 'Ethan Coen'"
195,North by Northwest,https://www.rottentomatoes.com/m/north-by-northwest,(1959),97%,Synopsis: This classic suspense film finds New York City ad executive Roger O. Thornhill (Cary Grant) pursued by ruthless spy Phillip... [More],"'Cary Grant', 'Eva Marie Saint', 'James Mason', 'Leo G. Carroll'",'Alfred Hitchcock'
196,Notting Hill,https://www.rottentomatoes.com/m/notting_hill,(1999),83%,Synopsis: William Thacker (Hugh Grant) is a London bookstore owner whose humdrum existence is thrown into romantic turmoil when famous American... [More],"'Julia Roberts', 'Hugh Grant', 'Hugh Bonneville', 'Emma Chambers'",'Roger Michell'
197,Oldboy,https://www.rottentomatoes.com/m/oldboy,(2003),81%,"Synopsis: Dae-Su is an obnoxious drunk bailed from the police station yet again by a friend. However, he's abducted from the... [More]","'Choi Min-sik', 'Yoo Ji-tae', 'Kang Hye-jung', 'Ji Dae-han'",'Park Chan-wook'
198,On the Waterfront,https://www.rottentomatoes.com/m/on_the_waterfront,(1954),99%,Synopsis: Dockworker Terry Malloy (Marlon Brando) had been an up-and-coming boxer until powerful local mob boss Johnny Friendly (Lee J. Cobb)... [More],"'Marlon Brando', 'Eva Marie Saint', 'Karl Malden', 'Lee J. Cobb'",'Elia Kazan'
199,One Flew Over the Cuckoo's Nest,https://www.rottentomatoes.com/m/one_flew_over_the_cuckoos_nest,(1975),93%,"Synopsis: When Randle Patrick McMurphy (Jack Nicholson) gets transferred for evaluation from a prison farm to a mental institution, he assumes... [More]","'Jack Nicholson', 'Louise Fletcher', 'Brad Dourif', 'William Redfield'",'Milos Forman'
200,Only Yesterday,https://www.rottentomatoes.com/m/only_yesterday_1991,(1991),100%,Synopsis: A put-upon 27-year-old Japanese office worker travels to the countryside and reminisces about her childhood in Tokyo and what life... [More],"'Daisy Ridley', 'Dev Patel', 'Ashley Eckstein', 'Alison Fernandez'",'Isao Takahata'
201,Open City,https://www.rottentomatoes.com/m/open_city,(1945),100%,"Synopsis: Rome, 1944. Giorgio Manfredi, one of the leaders of the Resistance is tracked down by the Nazis. He goes to... [More]","'Aldo Fabrizi', 'Anna Magnani', 'Marcello Pagliero', 'Maria Michi'",'Roberto Rossellini'
202,Pan's Labyrinth,https://www.rottentomatoes.com/m/pans_labyrinth,(2006),95%,Synopsis: In 1944 Spain young Ofelia (Ivana Baquero) and her ailing mother (Ariadna Gil) arrive at the post of her mother's... [More],"'Sergi López', 'Maribel Verdú', 'Ivana Baquero', 'Álex Angulo'",'Guillermo del Toro'
203,Pandora's Box,https://www.rottentomatoes.com/m/pandoras_box,(1929),93%,"Synopsis: In this acclaimed German silent film, Lulu (Louise Brooks) is a young woman so beautiful and alluring that few can... [More]","'Louise Brooks', 'Fritz Kortner', 'Franz Lederer', 'Carl Goetz'",'G.W. Pabst'
204,Parasite,https://www.rottentomatoes.com/m/parasite_2019,(2019),99%,Synopsis: Greed and class discrimination threaten the newly formed symbiotic relationship between the wealthy Park family and the destitute Kim clan.... [More],"'Song Kang-ho', 'Jo Yeo-jeong', 'Park So-dam', 'Choi Woo-sik'",'Bong Joon-ho'
205,The Passion of Joan of Arc,https://www.rottentomatoes.com/m/passion_of_joan_of_arc,(1928),98%,"Synopsis: A classic of the silent age, this film tells the story of the doomed but ultimately canonized 15th-century teenage warrior.... [More]","'Renee Falconetti', 'Eugene Silvain', 'André Berley', 'Maurice Schultz'",'Carl Theodor Dreyer'
206,Pather Panchali,https://www.rottentomatoes.com/m/pather_panchali,(1955),97%,"Synopsis: Impoverished priest Harihar Ray (Kanu Bannerjee), dreaming of a better life for himself and his family, leaves his rural Bengal... [More]","'Kanu Bannerjee', 'Karuna Bannerjee', 'Subir Bannerjee', 'Uma Das Gupta'",'Satyajit Ray'
207,The Philadelphia Story,https://www.rottentomatoes.com/m/philadelphia_story,(1940),100%,"Synopsis: This classic romantic comedy focuses on Tracy Lord (Katharine Hepburn), a Philadelphia socialite who has split from her husband, C.K.... [More]","'Cary Grant', 'Katharine Hepburn', 'James Stewart', 'Ruth Hussey'",'George Cukor'
208,The Piano,https://www.rottentomatoes.com/m/piano,(1993),90%,"Synopsis: After a long voyage from Scotland, pianist Ada McGrath (Holly Hunter) and her young daughter, Flora (Anna Paquin), are left... [More]","'Holly Hunter', 'Harvey Keitel', 'Sam Neill', 'Anna Paquin'",'Jane Campion'
209,Pinocchio,https://www.rottentomatoes.com/m/pinocchio_1940,(1940),100%,"Synopsis: When the woodworker Geppetto (Christian Rub) sees a falling star, he wishes that the puppet he just finished, Pinocchio (Dickie... [More]","'Don Brodie', 'Walter Catlett', 'Frankie Darro', 'Cliff Edwards'","'Ben Sharpsteen', 'Hamilton Luske'"
210,Pitch Perfect,https://www.rottentomatoes.com/m/pitch_perfect,(2012),81%,"Synopsis: College student Beca (Anna Kendrick) knows she does not want to be part of a clique, but that's exactly where... [More]","'Anna Kendrick', 'Skylar Astin', 'Rebel Wilson', 'Adam DeVine'",'Jason Moore'
211,The Player,https://www.rottentomatoes.com/m/player,(1992),98%,"Synopsis: Certain that the anonymous threats he's been receiving are the work of David Kahane (Vincent D'Onofrio), producer Griffin Mill (Tim... [More]","'Tim Robbins', 'Greta Scacchi', 'Fred Ward', 'Whoopi Goldberg'",'Robert Altman'
212,Playtime,https://www.rottentomatoes.com/m/playtime,(1967),98%,Synopsis: Clumsy Monsieur Hulot (Jacques Tati) finds himself perplexed by the intimidating complexity of a gadget-filled Paris. He attempts to meet... [More],"'Jacques Tati', 'Barbara Dennek', 'Jacqueline Lecomte', 'Valérie Camille'",'Jacques Tati'
213,Portrait of a Lady on Fire,https://www.rottentomatoes.com/m/portrait_of_a_lady_on_fire,(2019),97%,Synopsis: In 1770 the young daughter of a French countess develops a mutual attraction to the female artist commissioned to paint... [More],"'Noémie Merlant', 'Adèle Haenel', 'Luàna Bajrami', 'Valeria Golino'",'Céline Sciamma'
214,Pretty in Pink,https://www.rottentomatoes.com/m/pretty_in_pink,(1986),73%,"Synopsis: Andie (Molly Ringwald) is an outcast at her Chicago high school, hanging out either with her older boss (Annie Potts),... [More]","'Molly Ringwald', 'Jon Cryer', 'Andrew McCarthy', 'Annie Potts'",'Howard Deutch'
215,The Princess Bride,https://www.rottentomatoes.com/m/princess_bride,(1987),97%,Synopsis: A fairy tale adventure about a beautiful young woman and her one true love. He must find her after a... [More],"'Cary Elwes', 'Robin Wright', 'Mandy Patinkin', 'Chris Sarandon'",'Rob Reiner'
216,Princess Mononoke,https://www.rottentomatoes.com/m/princess_mononoke_1999,(1997),93%,Synopsis: A prince becomes involved in the struggle between a forest princess and the encroachment of mechanization.... [More],"'Claire Danes', 'Billy Bob Thornton', 'Gillian Anderson', 'Billy Crudup'",'Hayao Miyazaki'
217,Psycho,https://www.rottentomatoes.com/m/psycho,(1960),96%,"Synopsis: Phoenix secretary Marion Crane (Janet Leigh), on the lam after stealing $40,000 from her employer in order to run away... [More]","'Anthony Perkins', 'Janet Leigh', 'Vera Miles', 'John Gavin'",'Alfred Hitchcock'
218,Pulp Fiction,https://www.rottentomatoes.com/m/pulp_fiction,(1994),92%,Synopsis: Vincent Vega (John Travolta) and Jules Winnfield (Samuel L. Jackson) are hitmen with a penchant for philosophical discussions. In this... [More],"'John Travolta', 'Samuel L. Jackson', 'Uma Thurman', 'Harvey Keitel'",'Quentin Tarantino'
219,Rafiki,https://www.rottentomatoes.com/m/rafiki_2019,(2018),93%,Synopsis: Kena and Ziki live very different lives in Nairobi. Kena works in her father's shop and awaits the start of... [More],"'Samantha Mugatsia', 'Sheila Munyiva', 'Neville Misati', 'Nice Githinji'",'Wanuri Kahiu'
220,Raging Bull,https://www.rottentomatoes.com/m/raging_bull,(1980),94%,Synopsis: The story of a middleweight boxer as he rises through ranks to earn his first shot at the middleweight crown.... [More],"'Robert De Niro', 'Cathy Moriarty', 'Joe Pesci', 'Frank Vincent'",'Martin Scorsese'
221,Raiders of the Lost Ark,https://www.rottentomatoes.com/m/raiders_of_the_lost_ark,(1981),96%,"Synopsis: Dr. Indiana Jones, a renowned archeologist and expert in the occult, is hired by the U.S. Government to find the... [More]","'Harrison Ford', 'Karen Allen', 'Paul Freeman', 'Wolf Kahler'",'Steven Spielberg'
222,Rashomon,https://www.rottentomatoes.com/m/rashomon,(1950),98%,"Synopsis: Brimming with action while incisively examining the nature of truth, ""Rashomon"" is perhaps the finest film ever to investigate the... [More]","'Toshirô Mifune', 'Machiko Kyō', 'Takashi Shimura', 'Masayuki Mori'",'Akira Kurosawa'
223,Rear Window,https://www.rottentomatoes.com/m/1017289-rear_window,(1954),98%,Synopsis: A newspaper photographer with a broken leg passes time recuperating by observing his neighbors through his window. He sees what... [More],"'James Stewart', 'Grace Kelly', 'Wendell Corey', 'Raymond Burr'",'Alfred Hitchcock'
224,The Red Shoes,https://www.rottentomatoes.com/m/1017346-red_shoes,(1948),97%,"Synopsis: In this classic drama, Vicky Page (Moira Shearer) is an aspiring ballerina torn between her dedication to dance and her... [More]","'Moira Shearer', 'Anton Walbrook', 'Marius Goring', 'Robert Helpmann'","'Michael Powell', 'Emeric Pressburger'"
225,Repo Man,https://www.rottentomatoes.com/m/repo_man,(1984),98%,"Synopsis: After being fired from his job, Los Angeles slacker and punk rocker Otto (Emilio Estevez) lands a gig working for... [More]","'Emilio Estevez', 'Harry Dean Stanton', 'Tracey Walter', 'Olivia Barash'",'Alex Cox'
226,Requiem for a Dream,https://www.rottentomatoes.com/m/requiem_for_a_dream,(2000),79%,"Synopsis: Imaginatively evoking the inner landscape of human beings longing to connect, to love and feel loved, the film is a... [More]","'Ellen Burstyn', 'Jared Leto', 'Jennifer Connelly', 'Marlon Wayans'",'Darren Aronofsky'
227,RoboCop,https://www.rottentomatoes.com/m/1017712-robocop,(1987),91%,"Synopsis: In a violent, near-apocalyptic Detroit, evil corporation Omni Consumer Products wins a contract from the city government to privatize the... [More]","'Peter Weller', 'Nancy Allen', 'Ronny Cox', ""Daniel O'Herlihy""",'Paul Verhoeven'
228,Rocky,https://www.rottentomatoes.com/m/1017776-rocky,(1976),91%,"Synopsis: Rocky Balboa (Sylvester Stallone), a small-time boxer from working-class Philadelphia, is arbitrarily chosen to take on the reigning world heavyweight... [More]","'Sylvester Stallone', 'Talia Shire', 'Burgess Meredith', 'Burt Young'",'John G. Avildsen'
229,Roman Holiday,https://www.rottentomatoes.com/m/roman_holiday,(1953),97%,"Synopsis: Overwhelmed by her suffocating schedule, touring European princess Ann (Audrey Hepburn) takes off for a night while in Rome. When... [More]","'Gregory Peck', 'Audrey Hepburn', 'Eddie Albert', 'Tullio Carminati'",'William Wyler'
230,Rosemary's Baby,https://www.rottentomatoes.com/m/rosemarys_baby,(1968),96%,Synopsis: A young wife comes to believe that her offspring is not of this world. Waifish Rosemary Woodhouse (Mia Farrow) and... [More],"'Mia Farrow', 'John Cassavetes', 'Ruth Gordon', 'Sidney Blackmer'",'Roman Polanski'
231,The Rules of the Game,https://www.rottentomatoes.com/m/the_rules_of_the_game,(1939),96%,"Synopsis: In this melancholy French social satire, André (Roland Toutain) is having an affair with Christine (Nora Gregor), whose husband, Robert... [More]","'Marcel Dalio', 'Nora Gregor', 'Mila Parely', 'Roland Toutain'",'Jean Renoir'
232,Saving Face,https://www.rottentomatoes.com/m/saving_face,(2004),87%,"Synopsis: Wil (Michelle Krusiec) is a lesbian, but she not dare tell her widowed mother, Hwei-lan (Joan Chen), or her very... [More]","'Michelle Krusiec', 'Joan Chen', 'Lynn Chen', 'Jessica Hecht'",'Alice Wu'
233,Saving Private Ryan,https://www.rottentomatoes.com/m/saving_private_ryan,(1998),93%,"Synopsis: Captain John Miller (Tom Hanks) takes his men behind enemy lines to find Private James Ryan, whose three brothers have... [More]","'Tom Hanks', 'Edward Burns', 'Tom Sizemore', 'Jeremy Davies'",'Steven Spielberg'
234,Say Anything...,https://www.rottentomatoes.com/m/say_anything,(1989),98%,"Synopsis: In a charming, critically acclaimed tale of first love, Lloyd (John Cusack), an eternal optimist, seeks to capture the heart... [More]","'John Cusack', 'Ione Skye', 'John Mahoney', 'Lili Taylor'",'Cameron Crowe'
235,Scarface,https://www.rottentomatoes.com/m/scarface,(1983),81%,"Synopsis: After getting a green card in exchange for assassinating a Cuban government official, Tony Montana (Al Pacino) stakes a claim... [More]","'Al Pacino', 'Michelle Pfeiffer', 'Steven Bauer', 'Mary Elizabeth Mastrantonio'",'Brian De Palma'
236,Schindler's List,https://www.rottentomatoes.com/m/schindlers_list,(1993),98%,"Synopsis: Businessman Oskar Schindler (Liam Neeson) arrives in Krakow in 1939, ready to make his fortune from World War II, which... [More]","'Liam Neeson', 'Ben Kingsley', 'Ralph Fiennes', 'Caroline Goodall'",'Steven Spielberg'
237,Scream,https://www.rottentomatoes.com/m/1074316-scream,(1996),79%,Synopsis: The sleepy little town of Woodsboro just woke up screaming. There's a killer in their midst who's seen a few... [More],"'Neve Campbell', 'David Arquette', 'Courteney Cox', 'Matthew Lillard'",'Wes Craven'
238,The Sea Inside,https://www.rottentomatoes.com/m/sea_inside,(2004),84%,Synopsis: Ramón Sampedro (Javier Bardem) is a Spanish ship mechanic and part-time poet who is left a quadriplegic after a diving... [More],"'Javier Bardem', 'Belén Rueda', 'Lola Dueñas', 'Mabel Rivera'",'Alejandro Amenábar'
239,The Searchers,https://www.rottentomatoes.com/m/searchers,(1956),94%,"Synopsis: In this revered Western, Ethan Edwards (John Wayne) returns home to Texas after the Civil War. When members of his... [More]","'John Wayne', 'Jeffrey Hunter', 'Natalie Wood', 'Vera Miles'",'John Ford'
240,Selma,https://www.rottentomatoes.com/m/selma,(2014),99%,"Synopsis: Although the Civil Rights Act of 1964 legally desegregated the South, discrimination was still rampant in certain areas, making it... [More]","'David Oyelowo', 'Tom Wilkinson', 'Carmen Ejogo', 'Giovanni Ribisi'",'Ava DuVernay'
241,Seven,https://www.rottentomatoes.com/m/seven,(1995),82%,Synopsis: When retiring police Detective William Somerset (Morgan Freeman) tackles a final case with the aid of newly transferred David Mills... [More],"'Brad Pitt', 'Morgan Freeman', 'Gwyneth Paltrow', 'R. Lee Ermey'",'David Fincher'
242,Seven Samurai,https://www.rottentomatoes.com/m/seven_samurai_1956,(1954),100%,"Synopsis: A samurai answers a village's request for protection after he falls on hard times. The town needs protection from bandits,... [More]","'Toshirô Mifune', 'Takashi Shimura', 'Yoshio Inaba', 'Seiji Miyaguchi'",'Akira Kurosawa'
243,The Seventh Seal,https://www.rottentomatoes.com/m/seventh_seal,(1957),94%,Synopsis: When disillusioned Swedish knight Antonius Block (Max von Sydow) returns home from the Crusades to find his country in the... [More],"'Max von Sydow', 'Gunnar Björnstrand', 'Nils Poppe', 'Bibi Andersson'",'Ingmar Bergman'
244,Shaft,https://www.rottentomatoes.com/m/1018699-shaft,(1971),87%,"Synopsis: John Shaft (Richard Roundtree) is the ultimate in suave black detectives. He first finds himself up against Bumpy (Moses Gunn),... [More]","'Richard Roundtree', 'Moses Gunn', 'Christopher St. John', 'Charles Cioffi'",'Gordon Parks'
245,Shaun of the Dead,https://www.rottentomatoes.com/m/shaun_of_the_dead,(2004),92%,"Synopsis: Shaun (Simon Pegg) is a 30-something loser with a dull, easy existence. When he's not working at the electronics store,... [More]","'Simon Pegg', 'Kate Ashfield', 'Lucy Davis', 'Nick Frost'",'Edgar Wright'
246,The Shawshank Redemption,https://www.rottentomatoes.com/m/shawshank_redemption,(1994),91%,Synopsis: Andy Dufresne (Tim Robbins) is sentenced to two consecutive life terms in prison for the murders of his wife and... [More],"'Tim Robbins', 'Morgan Freeman', 'Bob Gunton', 'William Sadler'",'Frank Darabont'
247,The Shining,https://www.rottentomatoes.com/m/shining,(1980),83%,"Synopsis: Jack Torrance (Jack Nicholson) becomes winter caretaker at the isolated Overlook Hotel in Colorado, hoping to cure his writer's block.... [More]","'Jack Nicholson', 'Shelley Duvall', 'Danny Lloyd', 'Scatman Crothers'",'Stanley Kubrick'
248,Shoplifters,https://www.rottentomatoes.com/m/shoplifters,(2018),99%,"Synopsis: On the margins of Tokyo, a dysfunctional band of outsiders is united by fierce loyalty and a penchant for petty... [More]","'Lily Franky', 'Sakura Andô', 'Mayu Matsuoka', 'Kirin Kiki'",'Kore-Eda Hirokazu'
249,Shrek,https://www.rottentomatoes.com/m/shrek,(2001),88%,"Synopsis: Once upon a time, in a far away swamp, there lived an ogre named Shrek (Mike Myers) whose precious solitude... [More]","'Mike Myers', 'Eddie Murphy', 'Cameron Diaz', 'John Lithgow'","'Andrew Adamson', 'Vicky Jenson'"
250,The Silence of the Lambs,https://www.rottentomatoes.com/m/silence_of_the_lambs,(1991),95%,"Synopsis: Jodie Foster stars as Clarice Starling, a top student at the FBI's training academy. Jack Crawford (Scott Glenn) wants Clarice... [More]","'Jodie Foster', 'Anthony Hopkins', 'Scott Glenn', 'Ted Levine'",'Jonathan Demme'
251,Singin' in the Rain,https://www.rottentomatoes.com/m/singin_in_the_rain,(1952),100%,Synopsis: A spoof of the turmoil that afflicted the movie industry in the late 1920s when movies went from silent to... [More],"'Gene Kelly', 'Debbie Reynolds', ""Donald O'Connor"", 'Jean Hagen'","'Stanley Donen', 'Gene Kelly'"
252,The Sixth Sense,https://www.rottentomatoes.com/m/sixth_sense,(1999),86%,Synopsis: Young Cole Sear (Haley Joel Osment) is haunted by a dark secret: he is visited by ghosts. Cole is frightened... [More],"'Bruce Willis', 'Haley Joel Osment', 'Toni Collette', 'Olivia Williams'",'M. Night Shyamalan'
253,Slumdog Millionaire,https://www.rottentomatoes.com/m/slumdog_millionaire,(2008),91%,"Synopsis: As 18-year-old Jamal Malik (Dev Patel) answers questions on the Indian version of ""Who Wants to Be a Millionaire,"" flashbacks... [More]","'Dev Patel', 'Freida Pinto', 'Madhur Mittal', 'Anil Kapoor'",'Danny Boyle'
254,Snow White and the Seven Dwarfs,https://www.rottentomatoes.com/m/1048445-snow_white_and_the_seven_dwarfs,(1937),98%,"Synopsis: The Grimm fairy tale gets a Technicolor treatment in Disney's first animated feature. Jealous of Snow White's beauty, the wicked... [More]","'Adriana Caselotti', 'Harry Stockwell', 'Lucille La Verne', 'Moroni Olsen'",'David Hand'
255,Solaris,https://www.rottentomatoes.com/m/solaris_1976,(1972),92%,Synopsis: A psychologist is sent to a space station orbiting a planet called Solaris to investigate the death of a doctor... [More],"'Natalya Bondarchuk', 'Donatas Banionis', 'Jüri Järvet', 'Vladislav Dvorzhetskiy'",'Andrei Tarkovsky'
256,Some Like It Hot,https://www.rottentomatoes.com/m/some_like_it_hot,(1959),94%,"Synopsis: After witnessing a Mafia murder, slick saxophone player Joe (Tony Curtis) and his long-suffering buddy, Jerry (Jack Lemmon), improvise a... [More]","'Tony Curtis', 'Jack Lemmon', 'Marilyn Monroe', 'George Raft'",'Billy Wilder'
257,The Sound of Music,https://www.rottentomatoes.com/m/sound_of_music,(1965),83%,"Synopsis: A tuneful, heartwarming story, it is based on the real life story of the Von Trapp Family singers, one of... [More]","'Julie Andrews', 'Christopher Plummer', 'Eleanor Parker', 'Richard Haydn'",'Robert Wise'
258,Spider-Man: Into the Spider-Verse,https://www.rottentomatoes.com/m/spider_man_into_the_spider_verse,(2018),97%,"Synopsis: Bitten by a radioactive spider in the subway, Brooklyn teenager Miles Morales suddenly develops mysterious powers that transform him into... [More]","'Shameik Moore', 'Jake Johnson', 'Hailee Steinfeld', 'Mahershala Ali'","'Bob Persichetti', 'Peter Ramsey', 'Rodney Rothman'"
259,Spirited Away,https://www.rottentomatoes.com/m/spirited_away,(2001),97%,Synopsis: 10-year-old Chihiro (Daveigh Chase) moves with her parents to a new home in the Japanese countryside. After taking a wrong... [More],"'Daveigh Chase', 'Suzanne Pleshette', 'Jason Marsden', 'Susan Egan'","'Hayao Miyazaki', 'Kirk Wise'"
260,Star Wars: Episode IV -- A New Hope,https://www.rottentomatoes.com/m/star_wars_a_new_hope,(1977),93%,"Synopsis: The Imperial Forces -- under orders from cruel Darth Vader (David Prowse) -- hold Princess Leia (Carrie Fisher) hostage, in... [More]","'Mark Hamill', 'Harrison Ford', 'Carrie Fisher', 'Alec Guinness'",'George Lucas'
261,Star Wars: Episode V -- The Empire Strikes Back,https://www.rottentomatoes.com/m/star_wars_the_empire_strikes_back,(1980),94%,"Synopsis: The adventure continues in this ""Star Wars"" sequel. Luke Skywalker (Mark Hamill), Han Solo (Harrison Ford), Princess Leia (Carrie Fisher)... [More]","'Mark Hamill', 'Harrison Ford', 'Carrie Fisher', 'Billy Dee Williams'",'Irvin Kershner'
262,Straight Outta Compton,https://www.rottentomatoes.com/m/straight_outta_compton,(2015),89%,"Synopsis: In 1988, a groundbreaking new group revolutionizes music and pop culture, changing and influencing hip-hop forever. N.W.A's first studio album,... [More]","""O'Shea Jackson Jr."", 'Corey Hawkins', 'Jason Mitchell', 'Neil Brown Jr.'",'F. Gary Gray'
263,Sunset Blvd.,https://www.rottentomatoes.com/m/sunset_boulevard,(1950),98%,Synopsis: An aging silent film queen refuses to accept that her stardom has ended. She hires a young screenwriter to help... [More],"'William Holden', 'Gloria Swanson', 'Erich von Stroheim', 'Nancy Olson'",'Billy Wilder'
264,Superbad,https://www.rottentomatoes.com/m/superbad,(2007),87%,Synopsis: High school seniors Seth and Evan have high hopes for a graduation party. The co-dependent teens plan to score booze... [More],"'Jonah Hill', 'Michael Cera', 'Christopher Mintz-Plasse', 'Bill Hader'",'Greg Mottola'
265,Superman: The Movie,https://www.rottentomatoes.com/m/superman_the_movie,(1978),95%,"Synopsis: Just before the destruction of the planet Krypton, scientist Jor-El (Marlon Brando) sends his infant son Kal-El on a spaceship... [More]","'Christopher Reeve', 'Gene Hackman', 'Marlon Brando', 'Margot Kidder'",'Richard Donner'
266,Suspiria,https://www.rottentomatoes.com/m/1020662-suspiria,(1977),93%,"Synopsis: Suzy (Jessica Harper) travels to Germany to attend ballet school. When she arrives, late on a stormy night, no one... [More]","'Jessica Harper', 'Stefania Casini', 'Joan Bennett', 'Eva Axén'",'Dario Argento'
267,The Tale of the Princess Kaguya,https://www.rottentomatoes.com/m/the_tale_of_the_princess_kaguya,(2013),100%,"Synopsis: A tiny nymph found inside a bamboo stalk grows into a beautiful and desirable young woman, who orders her suitors... [More]","'Chloë Grace Moretz', 'James Caan', 'Mary Steenburgen', 'Darren Criss'",'Isao Takahata'
268,Tangerine,https://www.rottentomatoes.com/m/tangerine_2015,(2015),96%,"Synopsis: After hearing that her boyfriend/pimp cheated on her while she was in jail, a transgender sex worker and her best... [More]","'Kitana Kiki Rodriguez', 'Mya Taylor', 'Karren Karagulian', ""Mickey O'Hagan""",'Sean Baker'
269,Taxi Driver,https://www.rottentomatoes.com/m/taxi_driver,(1976),96%,"Synopsis: Suffering from insomnia, disturbed loner Travis Bickle (Robert De Niro) takes a job as a New York City cabbie, haunting... [More]","'Robert De Niro', 'Jodie Foster', 'Cybill Shepherd', 'Harvey Keitel'",'Martin Scorsese'
270,The Terminator,https://www.rottentomatoes.com/m/terminator,(1984),100%,"Synopsis: Disguised as a human, a cyborg assassin known as a Terminator (Arnold Schwarzenegger) travels from 2029 to 1984 to kill... [More]","'Arnold Schwarzenegger', 'Linda Hamilton', 'Michael Biehn', 'Paul Winfield'",'James Cameron'
271,Terminator 2: Judgment Day,https://www.rottentomatoes.com/m/terminator_2_judgment_day,(1991),93%,"Synopsis: In this sequel set eleven years after ""The Terminator,"" young John Connor (Edward Furlong), the key to civilization's victory over... [More]","'Arnold Schwarzenegger', 'Linda Hamilton', 'Edward Furlong', 'Robert Patrick'",'James Cameron'
272,Thelma & Louise,https://www.rottentomatoes.com/m/thelma_and_louise,(1991),86%,"Synopsis: Meek housewife Thelma (Geena Davis) joins her friend Louise (Susan Sarandon), an independent waitress, on a short fishing trip. However,... [More]","'Susan Sarandon', 'Geena Davis', 'Harvey Keitel', 'Michael Madsen'",'Ridley Scott'
273,There Will Be Blood,https://www.rottentomatoes.com/m/there_will_be_blood,(2007),91%,"Synopsis: Silver miner Daniel Plainview (Daniel Day-Lewis) leads a hardscrabble life with his son, H.W. (Dillon Freasier). When he hears about... [More]","'Daniel Day-Lewis', 'Paul Dano', ""Kevin J. O'Connor"", 'Ciarán Hinds'",'Paul Thomas Anderson'
274,The Thing,https://www.rottentomatoes.com/m/1021244-thing,(1982),83%,"Synopsis: In remote Antarctica, a group of American research scientists are disturbed at their base camp by a helicopter shooting at... [More]","'Kurt Russell', 'A. Wilford Brimley', 'T.K. Carter', 'Richard Dysart'",'John Carpenter'
275,The Third Man,https://www.rottentomatoes.com/m/the_third_man,(1949),99%,"Synopsis: Set in postwar Vienna, Austria, ""The Third Man"" stars Joseph Cotten as Holly Martins, a writer of pulp Westerns, who... [More]","'Orson Welles', 'Joseph Cotten', 'Trevor Howard', 'Alida Valli'",'Carol Reed'
276,This Is Spinal Tap,https://www.rottentomatoes.com/m/this_is_spinal_tap,(1984),95%,"Synopsis: ""This Is Spinal Tap"" shines a light on the self-contained universe of a metal band struggling to get back on... [More]","'Rob Reiner', 'Michael McKean', 'Christopher Guest', 'Harry Shearer'",'Rob Reiner'
277,Titanic,https://www.rottentomatoes.com/m/titanic,(1997),87%,"Synopsis: James Cameron's ""Titanic"" is an epic, action-packed romance set against the ill-fated maiden voyage of the R.M.S. Titanic; the pride... [More]","'Leonardo DiCaprio', 'Kate Winslet', 'Billy Zane', 'Kathy Bates'",'James Cameron'
278,To Be or Not to Be,https://www.rottentomatoes.com/m/to_be_or_not_to_be,(1942),96%,Synopsis: Acting couple Joseph (Jack Benny) and Maria Tura (Carole Lombard) are managing a theatrical troupe when the Nazis invade Poland.... [More],"'Carole Lombard', 'Jack Benny', 'Robert Stack', 'Felix Bressart'",'Ernst Lubitsch'
279,To Kill a Mockingbird,https://www.rottentomatoes.com/m/to_kill_a_mockingbird,(1962),93%,"Synopsis: Scout Finch (Mary Badham), 6,and her older brother, Jem (Phillip Alford), live in sleepy Maycomb, Ala., spending much of their... [More]","'Gregory Peck', 'Mary Badham', 'Phillip Alford', 'John Megna'",'Robert Mulligan'
280,Tokyo Story,https://www.rottentomatoes.com/m/tokyo_story,(1953),100%,"Synopsis: The elderly Shukishi (Chishu Ryu) and his wife, Tomi (Chieko Higashiyama), take the long journey from their small seaside village... [More]","'Chishu Ryu', 'Chieko Higashiyama', 'Setsuko Hara', 'Haruko Sugimura'",'Yasujirô Ozu'
281,Tootsie,https://www.rottentomatoes.com/m/tootsie,(1982),90%,Synopsis: New York actor Michael Dorsey (Dustin Hoffman) is a talented perfectionist who is so hard on himself and others that... [More],"'Dustin Hoffman', 'Jessica Lange', 'Teri Garr', 'Dabney Coleman'",'Sydney Pollack'
282,Total Recall,https://www.rottentomatoes.com/m/total_recall,(1990),82%,Synopsis: Douglas Quaid (Arnold Schwarzenegger) is a bored construction worker in the year 2084 who dreams of visiting the colonized Mars.... [More],"'Arnold Schwarzenegger', 'Rachel Ticotin', 'Sharon Stone', 'Ronny Cox'",'Paul Verhoeven'
283,Toy Story,https://www.rottentomatoes.com/m/toy_story,(1995),100%,"Synopsis: Woody (Tom Hanks), a good-hearted cowboy doll who belongs to a young boy named Andy (John Morris), sees his position... [More]","'Tom Hanks', 'Tim Allen', 'Don Rickles', 'Jim Varney'",'John Lasseter'
284,Trainspotting,https://www.rottentomatoes.com/m/trainspotting,(1996),91%,Synopsis: Heroin addict Mark Renton (Ewan McGregor) stumbles through bad ideas and sobriety attempts with his unreliable friends -- Sick Boy... [More],"'Ewan McGregor', 'Ewen Bremner', 'Jonny Lee Miller', 'Kevin McKidd'",'Danny Boyle'
285,The Treasure of the Sierra Madre,https://www.rottentomatoes.com/m/treasure_of_the_sierra_madre,(1948),100%,"Synopsis: In this classic adventure film, two rough-and-tumble wanderers, Dobbs (Humphrey Bogart) and Curtin (Tim Holt), meet up with a veteran... [More]","'Humphrey Bogart', 'Walter Huston', 'Tim Holt', 'Bruce Bennett'",'John Huston'
286,The Umbrellas of Cherbourg,https://www.rottentomatoes.com/m/the_umbrellas_of_cherbourg_1964,(1964),99%,"Synopsis: Geneviève (Catherine Deneuve), a beautiful young Frenchwoman who works at a small-town boutique selling umbrellas, falls for dashing mechanic Guy... [More]","'Catherine Deneuve', 'Nino Castelnuovo', 'Anne Vernon', 'Marc Michel'",'Jacques Demy'
287,Uncut Gems,https://www.rottentomatoes.com/m/uncut_gems,(2019),92%,Synopsis: A charismatic jeweler makes a high-stakes bet that could lead to the windfall of a lifetime. In a precarious high-wire... [More],"'Adam Sandler', 'LaKeith Stanfield', 'Julia Fox', 'Kevin Garnett'","'Benny Safdie', 'Josh Safdie'"
288,Unforgiven,https://www.rottentomatoes.com/m/1041911-unforgiven,(1992),96%,"Synopsis: When prostitute Delilah Fitzgerald (Anna Thomson) is disfigured by a pair of cowboys in Big Whiskey, Wyoming, her fellow brothel... [More]","'Clint Eastwood', 'Gene Hackman', 'Morgan Freeman', 'Richard Harris'",'Clint Eastwood'
289,Vertigo,https://www.rottentomatoes.com/m/vertigo,(1958),94%,"Synopsis: Hitchcock's romantic story of obsession, manipulation and fear. A detective is forced to retire after his fear of heights causes... [More]","'James Stewart', 'Kim Novak', 'Barbara Bel Geddes', 'Tom Helmore'",'Alfred Hitchcock'
290,Volver,https://www.rottentomatoes.com/m/volver,(2006),91%,Synopsis: Raimunda (Penélope Cruz) works and lives Madrid with her husband Paco and daughter Paula. Her sister Sole (Lola Dueñas) lives... [More],"'Penélope Cruz', 'Carmen Maura', 'Chus Lampreave', 'Lola Dueñas'",'Pedro Almodóvar'
291,Wendy and Lucy,https://www.rottentomatoes.com/m/wendy_and_lucy,(2008),85%,"Synopsis: Wendy (Michelle Williams), a near-penniless drifter, is traveling to Alaska in search of work, and her only companion is her... [More]","'Michelle Williams', 'Will Patton', 'Will Oldham', 'John Robinson'",'Kelly Reichardt'
292,West Side Story,https://www.rottentomatoes.com/m/west_side_story,(1961),92%,Synopsis: A musical in which a modern day Romeo and Juliet are involved in New York street gangs. On the harsh... [More],"'Natalie Wood', 'Richard Beymer', 'Russ Tamblyn', 'George Chakiris'","'Jerome Robbins', 'Robert Wise'"
293,What's Love Got to Do With It,https://www.rottentomatoes.com/m/whats_love_got_to_do_with_it,(1993),96%,"Synopsis: Based on the life of the legendary soul singer, Tina Turner (Angela Bassett) -- born Anna Mae Bullock -- discovers... [More]","'Angela Bassett', 'Laurence Fishburne', 'Vanessa Bell Calloway', 'Jenifer Lewis'",'Brian Gibson'
294,The Wild Bunch,https://www.rottentomatoes.com/m/1059489-wild_bunch,(1969),91%,"Synopsis: In this gritty Western classic, aging outlaw Pike Bishop (William Holden) prepares to retire after one final robbery. Joined by... [More]","'William Holden', 'Ernest Borgnine', 'Robert Ryan', ""Edmond O'Brien""",'Sam Peckinpah'
295,Wild Strawberries,https://www.rottentomatoes.com/m/wild_strawberries,(1957),94%,"Synopsis: Crotchety retired doctor Isak Borg (Victor Sjöström) travels from Stockholm to Lund, Sweden, with his pregnant and unhappy daughter-in-law, Marianne... [More]","'Victor Sjöström', 'Ingrid Thulin', 'Bibi Andersson', 'Gunnar Björnstrand'",'Ingmar Bergman'
296,The Wizard of Oz,https://www.rottentomatoes.com/m/the_wizard_of_oz_1939,(1939),98%,"Synopsis: When a tornado rips through Kansas, Dorothy (Judy Garland) and her dog, Toto, are whisked away in their house to... [More]","'Judy Garland', 'Frank Morgan', 'Ray Bolger', 'Bert Lahr'",'Victor Fleming'
297,Wonder Woman,https://www.rottentomatoes.com/m/wonder_woman_2017,(2017),93%,"Synopsis: Before she was Wonder Woman (Gal Gadot), she was Diana, princess of the Amazons, trained to be an unconquerable warrior.... [More]","'Gal Gadot', 'Chris Pine', 'Connie Nielsen', 'Robin Wright'",'Patty Jenkins'
298,And Your Mother Too,https://www.rottentomatoes.com/m/y_tu_mama_tambien,(2001),92%,"Synopsis: The lives of Julio and Tenoch, like those of 17-year old boys everywhere, are ruled by raging hormones, intense friendships,... [More]","'Maribel Verdú', 'Gael García Bernal', 'Diego Luna', 'Diana Bracho'",'Alfonso Cuarón'
299,Your Sister's Sister,https://www.rottentomatoes.com/m/your_sisters_sister,(2011),83%,"Synopsis: A man (Mark Duplass) falls into bed with his best friend's (Emily Blunt) sister (Rosemarie DeWitt), leading to an unexpected... [More]","'Emily Blunt', 'Rosemarie DeWitt', 'Mark Duplass', 'Mike Birbiglia'",'Lynn Shelton'
300,Zero Dark Thirty,https://www.rottentomatoes.com/m/zero_dark_thirty,(2012),91%,"Synopsis: Following the terrorist attacks of Sept. 11, 2001, Osama bin Laden becomes one of the most-wanted men on the planet.... [More]","'Jessica Chastain', 'Jason Clarke', 'Joel Edgerton', 'Jennifer Ehle'",'Kathryn Bigelow'
